Search Query,Company Name,Industry,Type,Ticker,Founded,Founders,CEO,Headquarters,Website,Overview,Land & Real Estate Deals,Revenue (This Year vs Last Year),Employees & Leadership Roles,Job Openings & Hiring Changes,Legal & Lawsuit Info
Tesla,"Tesla, Inc.","Automotive, Renewable energy",Public,"NASDAQ: TSLA, Nasdaq-100 component, S&P 100 component, S&P 500 component","July 01, 2003 in San Carlos, California, US","Martin Eberhard, Marc Tarpenning, ...",,,tesla.com,"Tesla, Inc. is an American multinational automotive and clean energy company. Headquartered in Austin, Texas, it designs, manufactures, and sells battery electric vehicles, stationary battery energy storage devices from home to grid-scale, solar panels and solar shingles, and related products and services. The company was incorporated in July 2003 by Martin Eberhard and Marc Tarpenning as Tesla Motors. Its name is a tribute to the inventor and electrical engineer Nikola Tesla. In February 2004, Elon Musk led Tesla's first funding round and became the company's chairman, subsequently claiming to be a co-founder; in 2008, he was named chief executive officer. The company began production of its first car model, the Roadster sports car, in 2008; the Model S sedan in 2012; the Model X SUV in 2015; the Model 3 sedan in 2017; the Model Y crossover in 2020; the Tesla Semi truck in 2022; and the Cybertruck pickup truck in 2023.",,,,,
Tata Motors,Tata Motors,Automotive,Public,IN9155A01020,"September 1, 1945- June 23, 2024",N/A,,Worldwide,tatamotors.com,"Tata Motors Limited, also known as Tata Motors Commercial Vehicles, is an Indian multinational commercial vehicle manufacturer, headquartered in Mumbai and is a part of the Tata Group. The company produces trucks, vans, and buses. The company was incorporated in 2024 as TML Commercial Vehicles, after Tata Motors announced the demerger of its commercial vehicles business. In October 2025, the demerger came into effect and the demerged entity TML Commercial Vehicles was subsequently renamed Tata Motors, while the original Tata Motors was renamed Tata Motors Passenger Vehicles. The company's notable subsidiaries include Tata Daewoo, Tata Marcopolo, and the proposed acquisition of Iveco. Tata Motors has joint ventures with Hitachi and Stellantis, which makes engines and vehicle components for Fiat Chrysler and Tata-branded vehicles.","📅 [Recent / Active Records]:
  • Tata Motors - Wikipedia: terms may apply. By using this site, you agree to the Terms of Useand Privacy Policy. Wikipedia® is a registered trademark of the Wikimedia Foundation, Inc., a non ... (Source: https://en.wikipedia.org/wiki/Tata_Motors)

  • Tata Motors – Largest Automobile Manufacturer, Biggest ...: Tata Motors, a USD 42 billion organization, is a leading global automobile manufacturer of cars, utility vehicles, pick-ups, trucks and buses. (Source: https://www.tatamotors.com/)

📅 [2026 (Current Year)]:
  • Tata Motors Manufacturing Plants in India: All 8 (2026 ...: Aug 16, 2024 · Tata Motors has 8 manufacturing plants in India as of 2026. See the full list with locations, what each plant builds, and which ones make cars vs trucks. (Source: https://motomotar.com/tata/exploring-tata-motors-manufacturing-plants-in-india/)",No specific public records found for 'Tata Motors' in this category (Common for private unlisted companies and startups).,"📅 [Recent / Active Records]:
  • Tata Motors Leadership | Board & Management Team: Meet Tata Motors’ leadership team, including board of directors, management, and committees shaping a sustainable, customer-centric, and innovative future (Source: https://cv.tatamotors.com/organisation/our-leadership)

  • Tata Motors Leadership Team - Meet Our Executives | Tata Motors: Meet Tata Motors leadership team - experienced executives driving innovation in automotive industry. Learn about our board members & management profiles. (Source: https://tata.cars/organisation/our-leadership.html)

📅 [2022]:
  • Our leadership – Tata Motors: Since April 2022, Mr Butschek is the Chief Executive Officer (‘CEO’) of Cubonic GmbH, a pioneering provider of sustainable, highly customizable electric LCV solutions offering automated to autonomous driving, seamless connectivity to customers’ ecosystems, peace-of-mind reliability and improved productivity and profitability. (Source: https://www.tatamotors.com/organisation/our-leadership/)",No specific public records found for 'Tata Motors' in this category (Common for private unlisted companies and startups).,"📅 [2026 (Current Year)]:
  • Win for Tata Motors after 17 years: A timeline of West Bengal ...Latest News on Tata Motors: Get Tata Motors News Updates ...Tata Motors Limited & Anr vs State Of West Bengal & Ors on 10 ...Non-Profit Free Legal Search Engine and Alert System ...Tata Motors Finance offers Rs 32 lakh to settle NCD case with ...: Oct 31, 2023 · In a victory for Tata Motors Ltd, the Nano makers has won against the West Bengal government with a tribunal in the state awarding the company Rs 776 crore, along with interest, in the Singur plant case. The announcement was made by the automobile company on Monday in a regulatory filing. In a ... Jun 23, 2026 · Tata Motors Latest breaking news, pictures, photos and Video News. Find Tata Motors news headlines, photos, videos, comments, blog posts and opinion at The Indian Express. Dec 10, 2008 · Calcutta High Court Tata Motors Limited & Anr vs State Of West Bengal & Ors on 10 December, 2008 Author: Dipankar Datta Bench: Dipankar Datta WP No. 1773 of 2008 GA No. 3876 of 2008 IN THE HIGH COURT AT CALCUTTA Constitutional Writ/Civil Appellate/Ordinary Original Civil Jurisdiction ORIGINAL SIDE TATA MOTORS LIMITED & ANR. Create alerts, search for and browse the latest case law, PACER documents, judges, and oral arguments. Updated automatically with the latest court documents. An initiative of Free Law Project. Dec 23, 2025 · IANS Sebi closed its NCD probe against Tata Motors Finance after the NBFC agreed to a Rs 0.32 crore settlement without admitting or denying regulatory violations. Tata Motors Finance settled a non-convertible debentures (NCD) case with capital markets regulator Sebi after the company agreed to pay a ... Does Tata Motors have a legal dispute with EPFO? Tata Motors in Legal Dispute Over Pension Fund Transfer Tata Motors finds itself entangled in a legal battle with the Employees’ Provident Fund Organisation (EPFO) over the transfer of its pension funds, as reported by The Economic Times. What did Tata Motors win against West Bengal government? In a victory for Tata Motors Ltd, the Nano makers has won against the West Bengal government with a tribunal in the state awarding the company Rs 776 crore, along with interest, in the Singur plant case. The announcement was made by the automobile company on Monday in a regulatory filing. Why did Tata Motors Finance settle a SEBI case? Tata Motors Finance settled a Sebi case over alleged NCD issuance violations by paying Rs 0.32 crore. The regulator found private placements effectively became public issues after debentures were down-sold to over 200 investors, breaching Companies Act and Sebi norms. Did a three-member arbitral tribunal rule in favour of Tata Motors? The announcement was made by the automobile company on Monday in a regulatory filing. In a statement, Tata Motors claimed that a three-member arbitral tribunal had ruled in favour of the company, in the proceedings of the Singur Plant row. (Source: https://www.firstpost.com/india/win-for-tata-motors-after-17-years-a-timeline-of-west-bengals-singur-nano-project-13324962.html)

  • Latest News on Tata Motors: Get Tata Motors News Updates ...Tata Motors Limited & Anr vs State Of West Bengal & Ors on 10 ...Non-Profit Free Legal Search Engine and Alert System ...Tata Motors Finance offers Rs 32 lakh to settle NCD case with ...: Jun 23, 2026 · Tata Motors Latest breaking news, pictures, photos and Video News. Find Tata Motors news headlines, photos, videos, comments, blog posts and opinion at The Indian Express. Dec 10, 2008 · Calcutta High Court Tata Motors Limited & Anr vs State Of West Bengal & Ors on 10 December, 2008 Author: Dipankar Datta Bench: Dipankar Datta WP No. 1773 of 2008 GA No. 3876 of 2008 IN THE HIGH COURT AT CALCUTTA Constitutional Writ/Civil Appellate/Ordinary Original Civil Jurisdiction ORIGINAL SIDE TATA MOTORS LIMITED & ANR. Create alerts, search for and browse the latest case law, PACER documents, judges, and oral arguments. Updated automatically with the latest court documents. An initiative of Free Law Project. Dec 23, 2025 · IANS Sebi closed its NCD probe against Tata Motors Finance after the NBFC agreed to a Rs 0.32 crore settlement without admitting or denying regulatory violations. Tata Motors Finance settled a non-convertible debentures (NCD) case with capital markets regulator Sebi after the company agreed to pay a ... Does Tata Motors have a legal dispute with EPFO? Tata Motors in Legal Dispute Over Pension Fund Transfer Tata Motors finds itself entangled in a legal battle with the Employees’ Provident Fund Organisation (EPFO) over the transfer of its pension funds, as reported by The Economic Times. What did Tata Motors win against West Bengal government? In a victory for Tata Motors Ltd, the Nano makers has won against the West Bengal government with a tribunal in the state awarding the company Rs 776 crore, along with interest, in the Singur plant case. The announcement was made by the automobile company on Monday in a regulatory filing. Why did Tata Motors Finance settle a SEBI case? Tata Motors Finance settled a Sebi case over alleged NCD issuance violations by paying Rs 0.32 crore. The regulator found private placements effectively became public issues after debentures were down-sold to over 200 investors, breaching Companies Act and Sebi norms. Did a three-member arbitral tribunal rule in favour of Tata Motors? The announcement was made by the automobile company on Monday in a regulatory filing. In a statement, Tata Motors claimed that a three-member arbitral tribunal had ruled in favour of the company, in the proceedings of the Singur Plant row. (Source: https://indianexpress.com/about/tata-motors/)

📅 [2024]:
  • Tata Motors’ Legal Dispute with EPFO over Pension Fund ...: Jul 29, 2024 · Tata Motors in Legal Dispute Over Pension Fund Transfer Tata Motors finds itself entangled in a legal battle with the Employees' Provident Fund Organisation (EPFO) over the transfer of its pension funds, as reported by The Economic Times. The automaker, which maintains its own exempted pension fund, had expressed its desire to surrender this ... (Source: https://taxconcept.net/business/tata-motors-legal-dispute-with-epfo-over-pension-fund-transfer-case-analysis/)"
Infosys,Infosys,"Information technology Consulting, Outsourcing",Public,INE009A010321,"2 July 1981 in Pune, India","N. R. Narayana Murthy, Nandan Nilekani, Kris Gopalakrishnan, S. D. Shibulal, K. Dinesh, N. S. Raghavan, Ashok Arora",,Worldwide,infosys.com,"Infosys Limited is an Indian multinational technology company that offers information technology, business consulting, and outsourcing services. Founded in 1981 by seven engineers, the company is headquartered in Bengaluru and considered one of the Big Six Indian IT companies.","• Infosys buys 5-acre HP land for Rs 65 crore - Times of India: August 29, 2014 - The land, belonging to consumer electronics major Hewlett Packard, was bought for Rs 13 crore per acre and is Infosys' second major real estate transaction in six months. International property consultants JLL India managed the deal. (Source: https://timesofindia.indiatimes.com/tech-news/infosys-buys-5-acre-hp-land-for-rs-65-crore/articleshow/41128794.cms)

• 'Not govt land, was bought for a campus': Mohandas Pai clarifies Infosys' Rs 250 crore land sale in Karnataka - BusinessToday: December 28, 2025 - Former Infosys chief financial officer Mohandas Pai has clarified that the land parcel sold by Infosys in Karnataka was privately purchased from the market for a campus and was not government land allotted at concessional rates. (Source: https://www.businesstoday.in/india/story/not-govt-land-was-bought-for-a-campus-mohandas-pai-clarifies-infosys-rs-250-crore-land-sale-in-karnataka-508375-2025-12-28)

• Anekal land sale: Infosys says Rs 250 Cr parcel was private purchase, not govt allotted: December 29, 2025 - Infosys sold the 53.5-acre parcel, located in Attibele Hobli of Anekal Taluk, to Bengaluru-based real estate developer Puravankara in a transaction valued at Rs 250 crore, according to a · report by The Times of India. (Source: https://www.thenewsminute.com/karnataka/anekal-land-sale-infosys-says-rs-250-cr-parcel-was-private-purchase-not-govt-allotted)","• Infosys - Annual Reports and Quarterly Results: Jun 30, 2026 · Infosys investors can access the latest annual reports, quarterly results, business responsibility reports, financial statements, and more. Download now. (Source: https://www.infosys.com/investors/reports-filings.html)

• Infosys Integrated Annual Report 2024-25: The Infosys Integrated Annual Report 2024-25 has been prepared in accordance with the International Integrated Reporting Framework, developed by the International Integrated Reporting Council (IIRC), the GRI Standard and the International Financial Reporting Standards (IFRS). (Source: https://www.infosys.com/investors/reports-filings/annual-report/annual/documents/infosys-ar-25.pdf)

• Infosys Quarterly Results, Financial Summary & Previous ...: Infosys Quarterly Results: Get the key information of Infosys Q1, Q2, Q3 and Q4 results, previous Quarterly Results, Quarterly Earnings and comparison on Economic Times. (Source: https://economictimes.indiatimes.com/infosys-ltd/quarterly/companyid-10960.cms)","• Executive Committee | Infosys: Financial Times The Cloud Hub Management Profiles Management Profiles Board of Directors Executive Committee (Source: https://www.infosys.com/about/management-profiles/executive-committee.html)

• The Infosys Leadership Team | PDF | Business - Scribd: The document provides an overview of the leadership team at Infosys, listing key executives and their respective roles. It includes positions such as Chief Executive Officer, Chief Financial Officer, and various industry heads across sectors like Banking, Manufacturing, and Communications. The information is current as of May 31, 2025. (Source: https://www.scribd.com/document/1067165415/The-Infosys-Leadership-Team)

• Infosys Org Chart, Leadership Team & Key Executives (August 2026): Infosys org chart with 4 key executives mapped by function. See the leadership team, who reports to whom, and apply to roles at Infosys with referral context. (Source: https://www.workzil.com/en/companies/infosys/team)","• Infosys Careers | Find Job Opportunities for Who You Really Are: If work is really about making a difference, you’ll love working at Infosys. Discover career opportunities across domains and locations. Navigate your next. (Source: https://www.infosys.com/careers/apply.html)

• Infosys Careers | Move forward. Take the world with you.: Come join our community of 250,000+ AI-aware employees and thrive at Infosys. Together, let's build what's next, ensuring your career never stands still as we move forward, taking the world with us. (Source: https://www.infosys.com/careers.html)

• Explore Opportunities at Infosys: Infosys is an equal employment/affirmative action employer. If you need accommodation for any part of the application process because of a medical condition or disability, please send an email to Infy_REC_Helpdesk@infosys.comor call 1-866-472-0935 to let us know the nature of your request. (Source: https://digitalcareers.infosys.com/infosys/global-careers)","• infosys lawsuit: Latest News & Videos, Photos about infosys lawsuit ...: The Infosys-Cognizant dispute began in August 2024 when Cognizant's TriZetto sued Infosys for allegedly stealing healthcare software data. Infosys countersued, accusing Cognizant and CEO Ravi Kumar of anti-competitive tactics and poaching staff to undermine its Helix platform. Both firms deny wrongdoing, escalating the legal battle. (Source: https://economictimes.indiatimes.com/topic/infosys-lawsuit)

• Cognizant vs Infosys: High-stakes courtroom battle exposes trade ...: This paragraph from Infosys's counterclaim in a lawsuit against Cognizant in the U.S., directly pointing fingers at a CEO for unethical professional conduct by a former employee, is something rarely heard of. While, on paper, the lawsuits filed in a U.S. court between IT rivals Infosys and Cognizant may be about the misappropriation of trade secrets, contractual breaches, unfair competition ... (Source: https://www.fortuneindia.com/enterprise/cognizant-vs-infosys-high-stakes-courtroom-battle-exposes-trade-secrets-ceo-ethics-and-corporate-warfare/119978)

• infosys lawsuit settlement: Latest News & Videos, Photos about infosys ...: A US court has officially sanctioned a settlement in class-action lawsuits against Infosys McCamish. The tech firm will disburse $17.5 million in light of a cybersecurity breach in 2023 that compromised the data of more than 57,000 clients, as highlighted by Bank of America. (Source: https://economictimes.indiatimes.com/topic/infosys-lawsuit-settlement)"
30 days technologies,30 days technologies,Enterprise / Organization,Unspecified,N/A,N/A,N/A,,N/A,N/A,N/A,No specific public records found for '30 days technologies' in this category (Common for private unlisted companies and startups).,No specific public records found for '30 days technologies' in this category (Common for private unlisted companies and startups).,No specific public records found for '30 days technologies' in this category (Common for private unlisted companies and startups).,No specific public records found for '30 days technologies' in this category (Common for private unlisted companies and startups).,No specific public records found for '30 days technologies' in this category (Common for private unlisted companies and startups).
Haldiram's,Haldiram's,Food,Private,N/A,"1937, Bikaner, Rajasthan, India",Ganga Bhishen Agarwal,,"Nagpur, Maharashtra",https://haldirams.com,"Haldiram's India Pvt Ltd, doing business as Haldiram's is an Indian multinational fast-food restaurant chain, founded in 1937, as a confectionery and desserts shop in Bikaner, Rajasthan, by Ganga Bhishen Agarwal. It is currently based in Nagpur, Maharashtra. Haldiram's is also a FMCG company as most of its restaurants have a integrated retail section, where packaged Indian snacks and confectioneries are sold under its own brand.","📅 [Recent / Active Records]:
  • Wikipedia Corporate Records (Manufacturing Facilities): Haldiram's was established in 1937 as a retail sweets and namkeen shop in Bikaner, Rajasthan. It was founded by Ganga Bhishen Agarwal, also known as Haldiram Ji. In order to drive expansion, the company's first manufacturing plant was started in Calcutta (now Kolkata). In 1970, a... (Source: https://en.wikipedia.org/wiki/Haldiram%27s)","📅 [2026 (Present Year)]:
  • HALDIRAM LIMITED - 2026 Company Profile, Financials ... - TracxnHaldiram Net Worth 2026: Owner Income, TurnoverHaldiram Net Worth 2026: Owner, Turnover & RevenueHaldiram Net Worth Products, Revenue Details (2026)Haldiram Limited - 2026 Insights | The Company CheckHaldiram Limited Financials | Company Details | ToflerHALDIRAM FOODS INTERNATIONAL PRIVATE LIMITED - 2026 Company ...: Aug 31, 2026 · Explore the financials, shareholding structure, board members, legal insights, employee data, and much more in the complete profile of HALDIRAM LIMITED. Apr 17, 2026 · Haldiram net worth 2026 with revenue, owner income, profit & business empire details. See how India’s biggest snack brand makes billions yearly. Feb 2, 2026 · Haldiram net worth revealed! Updated turnover, owner net worth in rupees, family wealth, CEO name, Forbes ranking and success journey inside. Nov 25, 2025 · Explore Haldiram Net Worth in 2026, its revenue, business empire, founders, valuation, and the success behind India's iconic snack brand. Oct 6, 1997 · Haldiram Limited is a 29-year-old active public limited company in Kolkata, West Bengal. Paid-up capital ₹2.24 Cr, 4 directors. FY 2026 financials &... Aug 28, 2026 · Are you looking for Haldiram Limited financials? Visit Tofler for its net worth, ratios, profit and loss, competition, products, industry, and financial analysis. Mar 20, 2026 · HALDIRAM FOODS INTERNATIONAL PRIVATE LIMITED's last Annual General Meeting (AGM) was held on Sep 30, 2024 as per records from Ministry of Corporate Affairs (MCA). HALDIRAM FOODS INTERNATIONAL PRIVATE LIMITED's authorised share capital is Rs. 1,390,000,000 and its paid up capital is Rs. 117,980,070. How much revenue did Haldiram limited make in FY 2024? Haldiram Limited reported revenue of ₹2.6 Cr (up 150.00% YoY) for FY 2024. Haldiram Limited has 2 associated companies. This group structure data is as of FY 2023. The corporate group structure reflects Haldiram Limited's business expansion strategy and organizational complexity. What is the net worth of Haldiram limited? The net worth of HALDIRAM LIMITED's founders is INR 4.44Cr as of Mar 31, 2007. Notes: The column Net Worth represents the net worth of investments made by that entity, as per the latest cap table. HALDIRAM LIMITED has directors who also hold positions in 17 other legal entities. What is Haldiram's financial situation in 2026? Haldiram’s financial situation in 2026 is characterized by its indisputable dominance in the global organized snacks market. Haldiram’s net worth includes the following financial components: Market Share: The Haldiram Company’s net worth is nearly ₹84,000 crore, accounting for almost 40% of the organized snacks market. How much revenue does Haldiram bhujiawala generate? HALDIRAM LIMITED generated less than ₹10 Cr in revenue for the financial year ending on Mar 31, 2025. There is one brand associated with HALDIRAM LIMITED which include Haldiram Bhujiawala . The majority of HALDIRAM LIMITED's turnover comes from Real estate activities. (Source: https://tracxn.com/d/legal-entities/india/haldiram-limited/__z1xjdnksWFrHfNKgB1ibdMTZidOuKg9ADGIyG6-E7lY)

  • Haldiram Net Worth 2026: Owner Income, Turnover: Apr 17, 2026 · Haldiram net worth 2026 with revenue, owner income, profit & business empire details. See how India’s biggest snack brand makes billions yearly. (Source: https://askdaman.com/haldiram-net-worth/)

📅 [2025 (Previous Year)]:
  • Haldiram Financial Statements | PDF: Haldiram's financial statements for the year ended 31 March 2025 show a total income of ₹13,800 crores and a profit after tax of ₹530 crores. The balance sheet indicates total equity and liabilities of ₹9,500 crores, with significant assets in property, plant, and equipment valued at ₹4,800 crores. The cash flow statement reveals a net cash increase from operating activities of ₹800 ... (Source: https://www.scribd.com/document/1003454501/Haldiram-Financial-Statements)

  • HALDIRAM LIMITED - 2026 Company Profile, Financials ... - TracxnHaldiram Limited Financials | Company Details | ToflerHALDIRAM INDIA PRIVATE LIMITED - Company ProfileHaldiram Indian Profit and Loss - The Economic TimesHaldiram Indian Yearly results, Financial SummaryWhat Haldiram's $10 Billion Valuation Says About the Indian ...: Aug 31, 2026 · Explore the financials, shareholding structure, board members, legal insights, employee data, and much more in the complete profile of HALDIRAM LIMITED. Aug 28, 2026 · Are you looking for Haldiram Limited financials? Visit Tofler for its net worth, ratios, profit and loss, competition, products, industry, and financial analysis. Mar 20, 2026 · Explore the financials, legal insights, employee data, and much more in the complete profile of HALDIRAM INDIA PRIVATE LIMITED. Haldiram Indian Snacks Profit & Loss Report - Get the latest information on Haldiram Indian Snacks Financial Reports, Profit/Loss stated by Haldiram Indian Snacks in the past month, quarter, year, on The Economic Times. Haldiram Indian Snacks Yearly Results: Get the key information of Haldiram Indian Snacks Yearly results, previous Yearly Results, Yearly Earnings and comparison on Economic Times. Mar 17, 2025 · Haldiram Snacks Foods, the FMCG company behind India's popular bhujia brand, has been garnering much attention after achieving a $10 billion market valuation last week. The Indian ethnic snacks maker reportedly agreed to sell 10% of its stake to Singapore's sovereign fund Temasek for $1 billion on ... What are Haldiram's financial statements for the year ended 31 March 2025? Haldiram's financial statements for the year ended 31 March 2025 show a total income of ₹13,800 crores and a profit after tax of ₹530 crores. The balance sheet indicates total equity and liabilities of ₹9,500 crores, with significant assets in property, plant, and equipment valued at ₹4,800 crores. How much revenue does Haldiram limited generate? HALDIRAM LIMITED generated less than ₹10 Cr in revenue for the financial year ending on Mar 31, 2025. The revenue of HALDIRAM LIMITED has a compounded annual growth rate (CAGR) of -51% in the last 1 year. What documents will you get? What documents will you get? What documents will you get? HALDIRAM LIMITED has taken 2 loans. Where does Haldiram limited's turnover come from? The majority of HALDIRAM LIMITED's turnover comes from Real estate activities. Here is a summary of filing activity and document availability across financial years: The latest filed financial documents, annual reports, and share allotment filings are shown below: How much revenue does Haldiram bhujiawala generate? HALDIRAM LIMITED generated less than ₹10 Cr in revenue for the financial year ending on Mar 31, 2025. There is one brand associated with HALDIRAM LIMITED which include Haldiram Bhujiawala . The majority of HALDIRAM LIMITED's turnover comes from Real estate activities. (Source: https://tracxn.com/d/legal-entities/india/haldiram-limited/__z1xjdnksWFrHfNKgB1ibdMTZidOuKg9ADGIyG6-E7lY)

📅 [2024]:
  • HALDIRAM LIMITED - 2026 Company Profile, Financials ... - TracxnHaldiram’s: ₹12,800 crore revenue, $10B valuation, and a ...Haldiram Limited - 2026 Insights | The Company CheckHaldiram Limited Financials | Company Details | ToflerHaldiram Market Cap Valuation; Financials: A Complete Analysishaldiram revenue: Latest News & Videos, Photos about haldiram ...What Haldiram's $10 Billion Valuation Says About the Indian ...: Aug 31, 2026 · Explore the financials, shareholding structure, board members, legal insights, employee data, and much more in the complete profile of HALDIRAM LIMITED. The Numbers That Shape the Brand - ₹12,800 crore revenue (FY24) - ~₹2,580 cr EBITDA, ~₹1,400 cr PAT - 16–17% CAGR growth trajectory - 36–40% share in ethnic savouries - 35% in branded ... Oct 6, 1997 · Haldiram Limited is a 29-year-old active public limited company in Kolkata, West Bengal. Paid-up capital ₹2.24 Cr, 4 directors. FY 2026 financials &... Aug 28, 2026 · Are you looking for Haldiram Limited financials? Visit Tofler for its net worth, ratios, profit and loss, competition, products, industry, and financial analysis. Feb 25, 2025 · Some reports of FY24 also suggest that combined revenue from Haldiram’s Nagpur and Delhi facilities stands at INR 12,800 crore. This growth outperforms many of its competitors, including PepsiCo in India’s snack market. Read Also: Zoho Valuation, Market Cap, Financial Overview: A Comprehensive Analysis Haldiram Net Worth 5 hours ago · Haldiram Snack Foods reported revenue of Rs 12,800 crore in FY24. It makes and distributes 500 types of snacks, namkeen, sweets, ready-to-eat and pre-mixed foods and non-carbonated ready-to-drink beverages and operates in 100 countries including the UK, US and the Middle East. Mar 17, 2025 · Haldiram Snacks Foods, the FMCG company behind India's popular bhujia brand, has been garnering much attention after achieving a $10 billion market valuation last week. The Indian ethnic snacks maker reportedly agreed to sell 10% of its stake to Singapore's sovereign fund Temasek for $1 billion on ... (Source: https://tracxn.com/d/legal-entities/india/haldiram-limited/__z1xjdnksWFrHfNKgB1ibdMTZidOuKg9ADGIyG6-E7lY)

  • Haldiram’s: ₹12,800 crore revenue, $10B valuation, and a ...: The Numbers That Shape the Brand - ₹12,800 crore revenue (FY24) - ~₹2,580 cr EBITDA, ~₹1,400 cr PAT - 16–17% CAGR growth trajectory - 36–40% share in ethnic savouries - 35% in branded ... (Source: https://www.linkedin.com/posts/garima-23_haldirams-12800-crore-in-revenue-10b-activity-7374309963780939776-99oR)

📅 [2023]:
  • Haldiram Balance Sheet Audit 2023 | PDF | Deferred Tax | Audit: h-2023 - Free download as PDF File (.pdf), Text File (.txt) or read online for free. its about haldiram's financial statement (Source: https://www.scribd.com/document/795937474/h-2023)

  • Skyline Financial Services Pvt Ltd: Opinion We have audited the accompanying financial statements of Haldiram Snacks Food Private Limited (‘the Company’), which comprise the Balance Sheet as at 31 March 2023, the Statement of Profit and Loss (including Other Comprehensive Income), the Statement of Cash Flow and the Statement of Changes in Equity for the year then ended, and notes to the financial statements, including a ... (Source: https://www.skylinerta.com/pdf_file/34_923809685_AuditedFinancialStatements.pdf)

📅 [2022]:
  • How much money has Haldiram's made in the last 5 years?: Haldiram Foods International had a revenue of ₹3,622 crore in FY22, whereas Haldiram Snacks' revenue was ₹5,248 crore, taking revenue of the merged entity to ₹8,870 crore. This puts Haldiram's reported valuation demand at 10 times the sales of its business, which is around ₹83,000 crore. Earlier, Haldiram's denied reports of a 51 stake sale to Tata at 10billion valuation. (Source: https://inshorts.com/en/news/how-much-money-has-haldirams-made-in-the-last-5-years-1694078564071)

  • Haldiram Products Private Ltd: operating income | Statista: Haldiram's is a multinational food manufacturing company famous for snacks and sweets. The company observed a twofold increase in income in FY 2022. (Source: https://www.statista.com/statistics/1399640/haldiram-products-private-ltd-operating-income/)

📅 [2021]:
  • Haldiram Financial Results Overview | PDF - Scribd: Haldiram Snacks Private Limited reported its audited standalone financial results for fiscal years 2019 to 2021, showing an increase in sales from ₹30,729.47 million in 2019 to ₹41004.33 million in 2021, and a profit after tax rise from ₹3,462.49 million to ₹37,47.208 million. The earnings per share also improved from ₹104.62 in 2019 to ₹113.22 in 2021. Additionally, the audited ... (Source: https://www.scribd.com/document/836158495/Haldiram-Snacks-Private-Limited)

  • HALDIRAM LIMITED - 2026 Company Profile, Financials ... - TracxnHALDIRAM SNACKS PRIVATE LIMITED - BikajiHaldiram Limited Financials | Company Details | ToflerHALDIRAM FOODS INTERNATIONAL PRIVATE LIMITED - BikajiHaldiram Indian Yearly results, Financial SummaryHaldiram Indian Snacks Balance Sheets, Financial Statements ...: Aug 31, 2026 · Explore the financials, shareholding structure, board members, legal insights, employee data, and much more in the complete profile of HALDIRAM LIMITED. Our turnover as on March 31,2020 is Rs. 41004.33 Million. Aug 28, 2026 · Are you looking for Haldiram Limited financials? Visit Tofler for its net worth, ratios, profit and loss, competition, products, industry, and financial analysis. Our turnover as on March 31, 2021 is Rs. 2121.49 Crores. Haldiram Indian Snacks Yearly Results: Get the key information of Haldiram Indian Snacks Yearly results, previous Yearly Results, Yearly Earnings and comparison on Economic Times. Haldiram Indian Snacks Balance Sheets - Get the latest Financial Reports, Balance Sheets of Haldiram Indian Snacks on The Economic Times. (Source: https://tracxn.com/d/legal-entities/india/haldiram-limited/__z1xjdnksWFrHfNKgB1ibdMTZidOuKg9ADGIyG6-E7lY)","📅 [Recent / Active Records]:
  • Haldiram's Org Chart + Executive Team - The Official Board: The org chart of Haldiram's contains its 13 main executives like Krishan Kumar Chutani and Sanjay Vig. (Source: https://www.theofficialboard.com/org-chart/haldiram-s)

  • Haldiram's Management Team | Org Chart - RocketReach: Haldiram's employs 2,283 employees. The Haldiram's management team includes Krishan Chutani (Chief Executive Officer), Tarun Khanna (Training Manager), and Rika Ranjan (Regulatory Affairs Manager). (Source: https://rocketreach.co/haldirams-management_b5c2b644f42e0f21)

  • Haldiram Company Profile | Management and Employees List: Find contact information for Haldiram. Learn about their Food & Beverage, Manufacturing market share, competitors, and Haldiram's email format. (Source: https://www.datanyze.com/companies/haldiram/357829413)","📅 [Recent / Active Records]:
  • Careers at Haldiram's — Join the legacy of Taste, Trust & Growth: Welcome to Haldiram's. Tell us who you are and we'll take you to the right place. (Source: https://www.haldiram.com/careers)

  • Haldiram's Careers and Employment | Indeed.com: Find out what works well at Haldiram's from the people who know best. Get the inside scoop on jobs, salaries, top office locations, and CEO insights. Compare pay for popular roles and read about the team’s work-life balance. Uncover why Haldiram's is the best company for you. (Source: https://in.indeed.com/cmp/Haldiram's)

📅 [2026 (Current Year)]:
  • Haldirams Careers - 31 Haldirams Jobs September 2026 - Naukri.com: Apply To Haldirams Jobs On Naukri.com. Explore Your Career In Haldirams Across Different Locations In Your Preferred Industry (Source: https://www.naukri.com/haldirams-jobs-careers-354437)","📅 [2025 (Previous Year)]:
  • Delhi High Court Refers Too Yumm Vs Haldirams Packaging ...: Dec 11, 2025 · The Delhi High Court has referred to mediation a lawsuit by Guiltfree Industries against Haldirams for allegedly copying the packaging of Too Yumm’s “Bhoot Chips.” The court ordered Haldirams to halt production of the disputed packaging but allowed existing stock sales. (Source: https://lawchakra.in/high-court/delhi-high-court-mediation/)

📅 [2024]:
  • Haldiram India Pvt. Ltd vs Berachah Sales Corporation & Ors ...: Apr 2, 2024 · The Plaintiff maintains that their statutory and common law rights to the trade mark 'HALDIRAM' are intact and unaffected by these disputes, even against the parties involved in the applications, as affirmed by different orders of this Court. (Source: https://indiankanoon.org/doc/42877524/)

  • Haldiram India Pvt. Ltd. V. Berachah Sales Corporation & Ors: Nov 12, 2024 · A recent ruling by the Hon’ble Delhi High Court elevated the brand Haldiram as a well-known trademark. This is a landmark decision in the Indian intellectual property law regime as it sets a precedent for safeguarding established trademarks in India. (Source: https://www.ipandlegalfilings.com/haldiram-india-pvt-ltd-v-berachah-sales-corporation-and-ors-2024-a-case-study-on-well-known-trademarks/)"
Razorpay,Razorpay,Enterprise / Organization,Unspecified,N/A,N/A,N/A,,N/A,https://razorpay.com/,"Online Payments India: Start Accepting Payments Instantly with Razorpay's Payment Suite, which Supports Netbanking, Credit Card & Debit Cards, UPI etc.","📅 [Recent / Active Records]:
  • Payment Gateway Charges - Simple & Transparent Pricing - Razorpay: Razorpay's pricing reflects the true cost of reliable, scalable payment infrastructure—not just transaction processing. The rate is designed to maximise realised revenue while keeping pricing predictable and transparent. (Source: https://razorpay.com/pricing/)

  • Razorpay: With RazorpayX, you can... Logging you in with your razorpay credentials... Setting up your RazorpayX banking experience... (Source: https://x.razorpay.com/)

📅 [2026 (Current Year)]:
  • Razorpay Onboarding: Starting your Razorpay experience © 2017-2026 · Terms of use ·Privacy policy ·Support (Source: https://easy.razorpay.com/)","📅 [2025 (Previous Year)]:
  • Press Relelase_Razorpay Reports FY'25 Revenue: The company today announced its audited financial results for FY’25, showcasing robust growth across core metrics and a healthy cash position to support its long-term ambitions. “FY’25 was a... (Source: https://www.medianama.com/wp-content/uploads/2025/10/Press-Relelase_Razorpay-Reports-FY25-Revenue.pdf)

  • Razorpay FY25 results: Revenue grows 65%, but net loss stands ...: Oct 16, 2025 · Razorpay’s revenue jumped 65% to Rs 3,783 crore in FY25, driven by payments, POS, loyalty, banking, and global operations. Gross profit rose 41% to Rs 1,277 crore, but the company posted a Rs 1,209 crore loss due to restructuring and tax costs after shifting its headquarters to India. (Source: https://economictimes.indiatimes.com/tech/technology/razorpay-reports-65-surge-in-fy25-revenue-net-loss-at-rs-1209-crore-post-esop/articleshow/124599167.cms)

  • Razorpay Financials 2025: Revenue, Profit, Valuation ...RAZORPAY SOFTWARE PRIVATE LIMITED Consolidated Financial ...Razorpay Statistics 2026: Revenue and Valuation • CoinLawRazorpay revenue soars 65% in FY25; gross profit crosses Rs ...Razorpay Financials 2026 – Revenue, P&L & Cash Flow: Get Razorpay’s full 2025 financial report — including revenue, profit/loss, EBITDA, valuation, funding rounds, shareholding pattern, cap table, and equity structure. Deep insights for investors and analysts. RAZORPAY SOFTWARE PRIVATE LIMITED Consolidated Financial Statements for period 01/04/2023 to 31/03/2024 Jan 19, 2026 · Razorpay reported a consolidated Rs 1,209 crore net loss in FY25 alongside the 65%revenue surge, but the online payments segment is EBITDA-profitable per CEO Harshil Mathur. Oct 16, 2025 · Following a strong performance in FY24, payments and business banking platform Razorpay posted a 65% year-on-year growth in its consolidated revenue to Rs 3,783 crore, up from Rs 2,296 crore in FY24. Sep 5, 2022 · Razorpay reported ₹2,501.4 Cr revenue in FY24 with a profit of ₹33.5 Cr. Explore P&L, balance sheet and cash flow on Inc42 Datalabs. (Source: https://www.affluense.ai/company/razorpay-financials-b107ee)","📅 [Recent / Active Records]:
  • Leadership Team - Razorpay Software Private Limited: Get to Know our Top leaders of Razorpay Software Private Limited with theis desigination and Short Bio. (Source: https://razorpay.com/newsroom/leadership-team/)

📅 [2026 (Current Year)]:
  • Razorpay Org Chart + Executive Team - The Official Board: Jun 26, 2026 · See the executive team of Razorpay and its org chart, featuring 25 leaders like Harshil Mathur, Arpit Chugh, Rahul Kothari and Nipun Jain (Source: https://www.theofficialboard.com/org-chart/razorpay)

  • Razorpay Org Chart, Leadership Team & Key Executives (August ...: Aug 16, 2026 · Razorpay org chart with 2 key executives mapped by function. See the leadership team, who reports to whom, and apply to roles at Razorpay with referral context. (Source: https://www.workzil.com/companies/razorpay/team)","📅 [Recent / Active Records]:
  • Razorpay Careers | Jobs, Hiring & Career Opportunities at ...: Join Razorpay — India's leading fintech powering millions of businesses. Explore openings in engineering, product, design, marketing & more for freshers and experienced professionals. (Source: https://razorpay.com/careers/)

  • Razorpay: Jobs | LinkedIn: Razorpay | 1,293,163 followers on LinkedIn. Power your finance, grow your business. Razorpay is India’s first full-stack financial solutions company. We are on a mission to enhance the payment... (Source: https://www.linkedin.com/company/razorpay/jobs/)

📅 [2026 (Current Year)]:
  • Razorpay Jobs - 129 Razorpay Job Vacancies In September 2026 ...: 129 Razorpay Jobs Available On Naukri.com. Explore Razorpay Job Vacancies In Your Desired Locations Now! (Source: https://www.naukri.com/razorpay-jobs)","📅 [Recent / Active Records]:
  • Razorpay | Indian Case Law - CaseMine: In this case, Razorpay was an intermediary and had a statutory duty of due diligence and did not verify the genuineness of person applying for accounts in which monies were received, which were allegedly proceeds of crime. (Source: https://www.casemine.com/search/in/Razorpay)

📅 [2024]:
  • Razorpay Software Private Limited vs Union Of India on 5 ...: Mar 5, 2024 · The Hon'ble Supreme Court in the case of Cheminova India Ltd. (supra) ruled that the Magistrate, while taking cognizance, need not record the statement of such a public servant who has filed a complaint in discharge of official duty. (Source: https://indiankanoon.org/doc/31436049/)

  • Razorpay Software Private Limited Vs. Union Of India: Mar 5, 2024 · The Trial Court without conducting an enquiry has issued summons, and the same stands vitiated for non- compliance of mandatory provision contained in Section 202 of Cr.PC. (Source: https://sooperkanoon.com/case/1235223/razorpay-software-private-limited-vs-union-india)"
Amazon,"Amazon.com, Inc.","retail, web hosting service, web service, e-commerce",Public company,AMZN,1994-07-05,Jeff Bezos,Andy Jassy,Seattle,https://www.amazon.com/,"Amazon.com, Inc. is an American multinational technology company engaged in e-commerce, cloud computing, online advertising, digital streaming, entertainment, and artificial intelligence. Founded in 1994 by Jeff Bezos in Bellevue, Washington, the company started as an online book marketplace that gradually expanded to include virtually all consumer products as well as many other categories, positioned as ""The Everything Store"".","📅 [2026 (Current Year)]:
  • Amazon spends $24M on Aurora land - Yahoo FinanceNews | Amazon Buys Up Thousands of Acres As It Eyes ... - CoStarAmazon building property empire as it quietly buys land ...Amazon Is Building a Property Empire with Land Bought Across ...Amazon Buys Up Thousands of Acres As It Eyes Future Real ...Amazon pays $116 million for Nashville industrial facility ...Endeavor is moving dirt for Amazon, more at Dog's Head ...: Aug 31, 2026 · Amazon confirmed the purchase but spokesperson Austin Stowe declined to provide details on what will be built, saying the company is ""still in very early planning stages"" of the project. Jul 25, 2022 · Amazon did not address questions from CoStar News about the status of its active projects, its plans for the recently acquired land or potential changes to its logistics real estate... Jun 15, 2022 · Amazon plans to use much of the real estate for a new generation of towering fulfillment centers that can store a wide variety of products close to customers in populous areas, according to people familiar with the strategy. Jun 14, 2022 · Bezos’ aversion to buying property confounded some Amazon real estate executives, especially as the company matured and its needs shifted, according to people familiar with the matter, who requested anonymity to discuss an internal matter. Amazon has scrapped or postponed large office and industrial projects nationwide and revealed plans to shrink its U.S. footprint of delivery and fulfillment centers by millions of square feet. Apr 10, 2025 · The tech giant purchased a 618,000-square-foot facility next to the Nashville Superspeedway, pushing the retailer's total local footprint to more than 10 million square feet of industrial real... Aug 26, 2026 · Endeavor Real Estate Group is transforming the 2,600-acre Dog's Head site in East Austin into a mixed-use community, with Amazon building a manufacturing facility there. (Source: https://finance.yahoo.com/real-estate/articles/amazon-spends-24m-aurora-land-111651685.html?fr=sycsrp_catchall)

📅 [2022]:
  • News | Amazon Buys Up Thousands of Acres As It Eyes ... - CoStar: Jul 25, 2022 · Amazon did not address questions from CoStar News about the status of its active projects, its plans for the recently acquired land or potential changes to its logistics real estate... (Source: https://www.costar.com/article/388659280/amazon-buys-up-thousands-of-acres-as-it-eyes-future-real-estate-needs)

  • Amazon building property empire as it quietly buys land ...: Jun 15, 2022 · Amazon plans to use much of the real estate for a new generation of towering fulfillment centers that can store a wide variety of products close to customers in populous areas, according to people familiar with the strategy. (Source: https://www.hoaalliance.org/amazon-building-property-empire-as-it-quietly-buys-land-across-us/)","📅 [2026 (Present Year)]:
  • Amazon.com, Inc. - Amazon.com Announces First Quarter Results: Apr 29, 2026 · Amazon.com, Inc. (NASDAQ: AMZN) today announced financial results for its first quarter ended March 31, 2026. Net sales increased 17% to $181.5 billion in the first quarter, compared with $155.7 billion in first quarter 2025. Excluding the $2.9 billion favorable impact from year-over-year changes in foreign exchange rates throughout the quarter, net sales increased 15% compared with first ... (Source: https://ir.aboutamazon.com/news-release/news-release-details/2026/Amazon-com-Announces-First-Quarter-Results/default.aspx)

  • Amazon.com Announces Second Quarter Results: Jul 30, 2026 · Net sales increased 20% year-over-year Operating income was $27.5 billion, up 43% year-over-year AWS net sales increased 37%—its fastest growth in 18 quarters—to a $169 billion annualized revenue run rate Amazon.com, Inc. (NASDAQ: AMZN) today announced financial results for its second quarter ended June 30, 2026. Net sales increased 20% to $200.6 billion in the second quarter, compared ... (Source: https://ir.aboutamazon.com/news-release/news-release-details/2026/Amazon-com-Announces-Second-Quarter-Results/)

📅 [2025 (Previous Year)]:
  • Amazon.com Announces Fourth Quarter Results: Feb 5, 2026 · Amazon.com, Inc. (NASDAQ: AMZN) today announced financial results for its fourth quarter ended December 31, 2025. Fourth Quarter 2025 Net sales increased 14% to $213.4 billion in the fourth quarter, compared with $187.8 billion in fourth quarter 2024. Excluding the $2.8 billion favorable impact from year-over-year changes in foreign exchange rates throughout the quarter, net sales increased 12 ... (Source: https://ir.aboutamazon.com/news-release/news-release-details/2026/Amazon-com-Announces-Fourth-Quarter-Results/default.aspx)

  • Amazon.com (AMZN) Revenue 2005-2026: Aug 28, 2026 · Amazon had revenue of $200.61B in the quarter ending June 30, 2026, with 19.62% growth. This brings the company's revenue in the last twelve months to $775.68B, up 15.77% year-over-year. In the year 2025, Amazon had annual revenue of $716.92B with 12.38% growth. (Source: https://stockanalysis.com/stocks/amzn/revenue/)

📅 [2024]:
  • Amazon.com Announces Fourth Quarter Results: Amazon.com, Inc. (NASDAQ: AMZN) today announced financial results for its fourth quarter ended December 31, 2024. Fourth Quarter 2024 Net sales increased 10% to $187.8 billion in the fourth quarter, compared with $170.0 billion in fourth quarter 2023. Excluding the $0.9 billion unfavorable impact from year-over-year changes in foreign exchange rates throughout the quarter, net sales increased ... (Source: https://ir.aboutamazon.com/news-release/news-release-details/2025/Amazon-com-Announces-Fourth-Quarter-Results/)

  • Amazon.com, Inc.: Amazon’s operating income in 2024 improved 86% YoY, from $36.9B (an operating margin of 6.4%) to $68.6B (an operating margin of 10.8%). Free Cash Flow, adjusted for equipment finance leases improved from $35.5B in 2023 to $36.2B. (Source: https://s2.q4cdn.com/299287126/files/doc_financials/2025/ar/Amazon-2024-Annual-Report.pdf)

📅 [2023]:
  • No audited public financial filing found for this specific fiscal year on public records.

📅 [2022]:
  • Amazon.com, Inc.: As I sit down to write my second annual shareholder letter as CEO, I find myself optimistic and energized by what lies ahead for Amazon. Despite 2022 being one of the harder macroeconomic years in recent memory, and with some of our own operating challenges to boot, we still found a way to grow demand (on top of the unprecedented growth we experienced in the first half of the pandemic). We ... (Source: https://s2.q4cdn.com/299287126/files/doc_financials/2023/ar/Amazon-2022-Annual-Report.pdf)

📅 [2021]:
  • No audited public financial filing found for this specific fiscal year on public records.","📅 [Recent / Active Records]:
  • Andy Jassy - Chief Executive Officer & Key Leadership: Verified Chief Executive Officer and senior corporate leadership for Amazon.com, Inc.. (Source: https://en.wikipedia.org/wiki/Amazon_(company))

  • Amazon.com, Inc. - Officers and directors: Below is a summary of our committee structure and membership information. To read more about any of the committees, click on committee names in the chart below. Committee Composition. Facebook. Instagram. LinkedIn. Twitter. Youtube. Shop Amazon.com. Job Creation & Investment. (Source: https://ir.aboutamazon.com/officers-and-directors/default.aspx)

  • Amazon Executive Team and Leadership Overview: 12 hours ago · Explore the key executives driving Amazon's innovation and global influence. Learn about the leadership skills and strategic direction that keep Amazon a tech giant. (Source: https://exa.ai/websets/directory/amazon-executives)

📅 [2026 (Current Year)]:
  • Amazon’s Leadership Team: Key Figures and Their Roles: Aug 26, 2026 · Discover the key executives at Amazon who drive innovation and growth across diverse business lines, and learn about their roles and contributions. (Source: https://www.investopedia.com/articles/company-insights/090416/who-driving-amazons-management-team-amzn.asp)",No specific public records found for 'Amazon' in this category (Common for private unlisted companies and startups).,"📅 [2026 (Current Year)]:
  • Amazon Antitrust Lawsuit: Inside the FTC's Case: Apr 25, 2026 · Explore the Amazon antitrust lawsuit filed by the FTC and states, the monopoly allegations against Amazon, and how the case could reshape competition in online retail. (Source: https://crediblelaw.com/amazon-antitrust-lawsuit/)

  • FTC sues Amazon, accusing the e-commerce giant of ... - CNBC: Aug 31, 2026 · The FTC sued Amazon, alleging the company misled advertisers about its pricing and auction systems. The lawsuit, which was joined by 22 state attorneys general, argues that Amazon may have reaped ... (Source: https://www.cnbc.com/2026/08/31/amazon-ftc-lawsuit-advertisers.html)

📅 [2025 (Previous Year)]:
  • The Amazon Lawsuits [Updated] - LawGud: In 2025, Amazon was at the heart of several major lawsuits—ranging from consumer class actions to landmark regulatory battles and victories against fraud. This guide outlines the key legal disputes, their backgrounds, outcomes, and broader significance for Amazon’s business and its customers. (Source: https://lawgud.com/lawsuit/the-amazon-lawsuits/)"
