canonical_entity,table,category,metric_or_event,fact,period,period_type,source_name,source_url,source_date,retrieved_at,confidence,verified
Liberty Shoes,Table #1,Corporate Master Data,CIN,L51901HR1986PLC023188,Point-in-Time,Point-in-Time,MCA / BSE Corporate Registry,https://www.mca.gov.in,N/A,2026-09-16 13:40:47,High,True
Liberty Shoes,Table #1,Corporate Identity & Governance,Company Name,Liberty Shoes Ltd,Current,Point-in-Time,Screener.in (BSE & NSE Corporate Financials),https://www.screener.in/company/LIBERTSHOE/,N/A,2026-09-16 13:40:47,High,True
Liberty Shoes,Table #1,Corporate Identity & Governance,Founding Year,1954,Current,Point-in-Time,Screener.in (BSE & NSE Corporate Financials),https://www.screener.in/company/LIBERTSHOE/,N/A,2026-09-16 13:40:47,High,True
Liberty Shoes,Table #1,Corporate Identity & Governance,Founder Name(s),"Dharam Pal Gupta, Purshotam Das Gupta",Current,Point-in-Time,Screener.in (BSE & NSE Corporate Financials),https://www.screener.in/company/LIBERTSHOE/,N/A,2026-09-16 13:40:47,High,True
Liberty Shoes,Table #1,Corporate Identity & Governance,CEO,Adesh Kumar Gupta,Current,Point-in-Time,Screener.in (BSE & NSE Corporate Financials),https://www.screener.in/company/LIBERTSHOE/,N/A,2026-09-16 13:40:47,High,True
Liberty Shoes,Table #1,Corporate Identity & Governance,CFO,Munish Kakra,Current,Point-in-Time,Screener.in (BSE & NSE Corporate Financials),https://www.screener.in/company/LIBERTSHOE/,N/A,2026-09-16 13:40:47,High,True
Liberty Shoes,Table #1,Corporate Identity & Governance,Headquarter (City),Karnal,Current,Point-in-Time,Screener.in (BSE & NSE Corporate Financials),https://www.screener.in/company/LIBERTSHOE/,N/A,2026-09-16 13:40:47,High,True
Liberty Shoes,Table #1,Corporate Identity & Governance,Office Address,"Karnal, Haryana, India",Current,Point-in-Time,Screener.in (BSE & NSE Corporate Financials),https://www.screener.in/company/LIBERTSHOE/,N/A,2026-09-16 13:40:47,High,True
Liberty Shoes,Table #1,Corporate Identity & Governance,Business Type (Private Limited/Public Limited),Public Limited,Current,Point-in-Time,Screener.in (BSE & NSE Corporate Financials),https://www.screener.in/company/LIBERTSHOE/,N/A,2026-09-16 13:40:47,High,True
Liberty Shoes,Table #1,Corporate Identity & Governance,Is Listed Company,Yes,Current,Point-in-Time,Screener.in (BSE & NSE Corporate Financials),https://www.screener.in/company/LIBERTSHOE/,N/A,2026-09-16 13:40:47,High,True
Liberty Shoes,Table #1,Corporate Identity & Governance,Stock Ticker,NSE/BSE: LIBERTSHOE,Current,Point-in-Time,Screener.in (BSE & NSE Corporate Financials),https://www.screener.in/company/LIBERTSHOE/,N/A,2026-09-16 13:40:47,High,True
Liberty Shoes,Table #1,Corporate Identity & Governance,Current Market Cap (Market Value/Mcap),₹ 370 Cr.,Current,Point-in-Time,Screener.in (BSE & NSE Corporate Financials),https://www.screener.in/company/LIBERTSHOE/,N/A,2026-09-16 13:40:47,High,True
Liberty Shoes,Table #1,Corporate Identity & Governance,Share Price,₹ 217,Current,Point-in-Time,Screener.in (BSE & NSE Corporate Financials),https://www.screener.in/company/LIBERTSHOE/,N/A,2026-09-16 13:40:47,High,True
Liberty Shoes,Table #1,Corporate Identity & Governance,CIN,L51901HR1986PLC023188,Current,Point-in-Time,Screener.in (BSE & NSE Corporate Financials),https://www.screener.in/company/LIBERTSHOE/,N/A,2026-09-16 13:40:47,High,True
Liberty Shoes,Table #1,Corporate Identity & Governance,RoC,RoC-Delhi,Current,Point-in-Time,Screener.in (BSE & NSE Corporate Financials),https://www.screener.in/company/LIBERTSHOE/,N/A,2026-09-16 13:40:47,High,True
Liberty Shoes,Table #1,Corporate Identity & Governance,Incorporation Date,03-09-1986,Current,Point-in-Time,Screener.in (BSE & NSE Corporate Financials),https://www.screener.in/company/LIBERTSHOE/,N/A,2026-09-16 13:40:47,High,True
Tata Motors,Table #1,Corporate Master Data,CIN,L28920MH1945PLC004520,Point-in-Time,Point-in-Time,MCA / BSE Corporate Registry,https://www.mca.gov.in,N/A,2026-09-16 13:46:03,High,True
Tata Motors,Table #1,Corporate Identity & Governance,Company Name,Tata Motors Ltd,Current,Point-in-Time,Screener.in (BSE & NSE Corporate Financials),https://www.screener.in/company/TMCV/consolidated/,N/A,2026-09-16 13:46:03,High,True
Tata Motors,Table #1,Corporate Identity & Governance,Founding Year,1945,Current,Point-in-Time,Screener.in (BSE & NSE Corporate Financials),https://www.screener.in/company/TMCV/consolidated/,N/A,2026-09-16 13:46:03,High,True
Tata Motors,Table #1,Corporate Identity & Governance,Founder Name(s),JRD Tata,Current,Point-in-Time,Screener.in (BSE & NSE Corporate Financials),https://www.screener.in/company/TMCV/consolidated/,N/A,2026-09-16 13:46:03,High,True
Tata Motors,Table #1,Corporate Identity & Governance,CEO,Shailesh Chandra,Current,Point-in-Time,Screener.in (BSE & NSE Corporate Financials),https://www.screener.in/company/TMCV/consolidated/,N/A,2026-09-16 13:46:03,High,True
Tata Motors,Table #1,Corporate Identity & Governance,CFO,Dhiman Gupta,Current,Point-in-Time,Screener.in (BSE & NSE Corporate Financials),https://www.screener.in/company/TMCV/consolidated/,N/A,2026-09-16 13:46:03,High,True
Tata Motors,Table #1,Corporate Identity & Governance,CTO,Sven Patuschka,Current,Point-in-Time,Screener.in (BSE & NSE Corporate Financials),https://www.screener.in/company/TMCV/consolidated/,N/A,2026-09-16 13:46:03,High,True
Tata Motors,Table #1,Corporate Identity & Governance,Headquarter (City),Mumbai,Current,Point-in-Time,Screener.in (BSE & NSE Corporate Financials),https://www.screener.in/company/TMCV/consolidated/,N/A,2026-09-16 13:46:03,High,True
Tata Motors,Table #1,Corporate Identity & Governance,Office Address,"Mumbai, Maharashtra, India",Current,Point-in-Time,Screener.in (BSE & NSE Corporate Financials),https://www.screener.in/company/TMCV/consolidated/,N/A,2026-09-16 13:46:03,High,True
Tata Motors,Table #1,Corporate Identity & Governance,Business Type (Private Limited/Public Limited),Public Limited,Current,Point-in-Time,Screener.in (BSE & NSE Corporate Financials),https://www.screener.in/company/TMCV/consolidated/,N/A,2026-09-16 13:46:03,High,True
Tata Motors,Table #1,Corporate Identity & Governance,Is Listed Company,Yes,Current,Point-in-Time,Screener.in (BSE & NSE Corporate Financials),https://www.screener.in/company/TMCV/consolidated/,N/A,2026-09-16 13:46:03,High,True
Tata Motors,Table #1,Corporate Identity & Governance,Stock Ticker,NSE/BSE: TMCV,Current,Point-in-Time,Screener.in (BSE & NSE Corporate Financials),https://www.screener.in/company/TMCV/consolidated/,N/A,2026-09-16 13:46:03,High,True
Tata Motors,Table #1,Corporate Identity & Governance,Current Market Cap (Market Value/Mcap),"₹ 1,55,266 Cr.",Current,Point-in-Time,Screener.in (BSE & NSE Corporate Financials),https://www.screener.in/company/TMCV/consolidated/,N/A,2026-09-16 13:46:03,High,True
Tata Motors,Table #1,Corporate Identity & Governance,Share Price,₹ 422,Current,Point-in-Time,Screener.in (BSE & NSE Corporate Financials),https://www.screener.in/company/TMCV/consolidated/,N/A,2026-09-16 13:46:03,High,True
Tata Motors,Table #1,Corporate Identity & Governance,CIN,L28920MH1945PLC004520,Current,Point-in-Time,Screener.in (BSE & NSE Corporate Financials),https://www.screener.in/company/TMCV/consolidated/,N/A,2026-09-16 13:46:03,High,True
Tata Motors,Table #1,Corporate Identity & Governance,RoC,RoC-Mumbai,Current,Point-in-Time,Screener.in (BSE & NSE Corporate Financials),https://www.screener.in/company/TMCV/consolidated/,N/A,2026-09-16 13:46:03,High,True
Tata Motors,Table #1,Corporate Identity & Governance,Incorporation Date,01-09-1945,Current,Point-in-Time,Screener.in (BSE & NSE Corporate Financials),https://www.screener.in/company/TMCV/consolidated/,N/A,2026-09-16 13:46:03,High,True
Tata Motors Ltd,Table #2,Financial Performance,Net Revenue/Net Sales,"₹ 58,217 Cr.",Mar 2025 10m,Audited Annual,Screener.in (Audited Multi-Year P&L Financials),https://www.screener.in/company/TMCV/consolidated/,N/A,2026-09-16 13:46:11,High,True
Tata Motors Ltd,Table #2,Financial Performance,Net Profit,"₹ 3,195 Cr.",Mar 2025 10m,Audited Annual,Screener.in (Audited Multi-Year P&L Financials),https://www.screener.in/company/TMCV/consolidated/,N/A,2026-09-16 13:46:11,High,True
Tata Motors Ltd,Table #2,Financial Performance,EBITDA,"₹ 6,172 Cr.",Mar 2025 10m,Audited Annual,Screener.in (Audited Multi-Year P&L Financials),https://www.screener.in/company/TMCV/consolidated/,N/A,2026-09-16 13:46:11,High,True
Tata Motors Ltd,Table #2,Market Standing,Market Cap,$16.63 B,Mar 2025 10m,Audited Annual,Screener.in (Audited Multi-Year P&L Financials),https://www.screener.in/company/TMCV/consolidated/,N/A,2026-09-16 13:46:11,High,True
Tata Motors Ltd,Table #2,Financial Performance,Net Revenue/Net Sales,"₹ 83,855 Cr.",Mar 2026,Audited Annual,Screener.in (Audited Multi-Year P&L Financials),https://www.screener.in/company/TMCV/consolidated/,N/A,2026-09-16 13:46:11,High,True
Tata Motors Ltd,Table #2,Financial Performance,Net Profit,"₹ 3,030 Cr.",Mar 2026,Audited Annual,Screener.in (Audited Multi-Year P&L Financials),https://www.screener.in/company/TMCV/consolidated/,N/A,2026-09-16 13:46:11,High,True
Tata Motors Ltd,Table #2,Financial Performance,EBITDA,"₹ 7,617 Cr.",Mar 2026,Audited Annual,Screener.in (Audited Multi-Year P&L Financials),https://www.screener.in/company/TMCV/consolidated/,N/A,2026-09-16 13:46:11,High,True
Tata Motors Ltd,Table #2,Market Standing,Market Cap,$16.63 B,Mar 2026,Audited Annual,Screener.in (Audited Multi-Year P&L Financials),https://www.screener.in/company/TMCV/consolidated/,N/A,2026-09-16 13:46:11,High,True
Tata Motors Ltd,Table #2,Financial Performance,Net Revenue/Net Sales,"₹ 87,197 Cr.",TTM,TTM,Screener.in (Audited Multi-Year P&L Financials),https://www.screener.in/company/TMCV/consolidated/,N/A,2026-09-16 13:46:11,High,True
Tata Motors Ltd,Table #2,Financial Performance,Net Profit,"₹ 4,187 Cr.",TTM,TTM,Screener.in (Audited Multi-Year P&L Financials),https://www.screener.in/company/TMCV/consolidated/,N/A,2026-09-16 13:46:11,High,True
Tata Motors Ltd,Table #2,Financial Performance,EBITDA,"₹ 11,218 Cr.",TTM,TTM,Screener.in (Audited Multi-Year P&L Financials),https://www.screener.in/company/TMCV/consolidated/,N/A,2026-09-16 13:46:11,High,True
Tata Motors Ltd,Table #2,Market Standing,Market Cap,"₹ 1,55,230 Cr.",TTM,TTM,Screener.in (Audited Multi-Year P&L Financials),https://www.screener.in/company/TMCV/consolidated/,N/A,2026-09-16 13:46:11,High,True
Tata Motors Ltd,Table #2,Human Capital,Employee Headcount,"20,635",TTM,TTM,Screener.in (Audited Multi-Year P&L Financials),https://www.screener.in/company/TMCV/consolidated/,N/A,2026-09-16 13:46:11,High,True
Tata Motors Ltd,Table #3,STRATEGIC DEVELOPMENT,Tata Motors closes trading window from June 23 for Q1FY26 results,Tata Motors closes trading window from June 23 for Q1FY26 results,2026,Point-in-Time,Verified Media / Corporate Disclosures,https://en.wikipedia.org/wiki/Tata_Motors,2026,2026-09-16 13:46:20,Medium,False
Tata Motors Ltd,Table #3,STRATEGIC DEVELOPMENT,Tata Motors Announces Price Increase From September 2026,Tata Motors Announces Price Increase From September 2026,2026,Point-in-Time,Verified Media / Corporate Disclosures,https://en.wikipedia.org/wiki/Tata_Motors,2026,2026-09-16 13:46:20,Medium,False
Tata Motors Ltd,Table #3,STRATEGIC DEVELOPMENT,"Electric CV Sales Jump 155% to 23,540 Units, Tata Motors Tops but Euler Motors Shines","Electric CV Sales Jump 155% to 23,540 Units, Tata Motors Tops but Euler Motors Shines",2026,Point-in-Time,Verified Media / Corporate Disclosures,https://en.wikipedia.org/wiki/Tata_Motors,2026,2026-09-16 13:46:20,Medium,False
Tata Motors Ltd,Table #3,FINANCIAL & M&A SIGNAL,Tata Motors PV Q1 net profit plunges 80% to Rs. 775 crore,Tata Motors PV Q1 net profit plunges 80% to Rs. 775 crore,2026,Point-in-Time,Verified Media / Corporate Disclosures,https://en.wikipedia.org/wiki/Tata_Motors,2026,2026-09-16 13:46:20,Medium,False
Tata Motors Ltd,Table #3,FINANCIAL & M&A SIGNAL,"India's Tata Motors PV shares fall after profit plunges, warns on margins","India's Tata Motors PV shares fall after profit plunges, warns on margins",2026,Point-in-Time,Verified Media / Corporate Disclosures,https://en.wikipedia.org/wiki/Tata_Motors,2026,2026-09-16 13:46:20,Medium,False
Tata Motors Ltd,Table #3,FINANCIAL & M&A SIGNAL,Tata Motors PV Shares Fall 6% After Q1 Profit Plunges 79%; Brokerage Sees 11% Downside,Tata Motors PV Shares Fall 6% After Q1 Profit Plunges 79%; Brokerage Sees 11% Downside,2026,Point-in-Time,Verified Media / Corporate Disclosures,https://en.wikipedia.org/wiki/Tata_Motors,2026,2026-09-16 13:46:20,Medium,False
Tata Motors Ltd,Table #3,LEADERSHIP SIGNAL,Expect demand for electric CV to remain strong: Tata Motors MD & CEO,Expect demand for electric CV to remain strong: Tata Motors MD & CEO,2026,Point-in-Time,Verified Media / Corporate Disclosures,https://en.wikipedia.org/wiki/Tata_Motors,2026,2026-09-16 13:46:20,Medium,False
Tata Motors Ltd,Table #3,STRATEGIC DEVELOPMENT,Tata Motors Showcases Next-Generation Aggregates Portfolio At Bauma CONEXPO India 2026.,Tata Motors Showcases Next-Generation Aggregates Portfolio At Bauma CONEXPO India 2026.,2026,Point-in-Time,Verified Media / Corporate Disclosures,https://en.wikipedia.org/wiki/Tata_Motors,2026,2026-09-16 13:46:20,Medium,False
Tata Motors Ltd,Table #3,STRATEGIC DEVELOPMENT,Tata Motors brings next-gen aggregates to Bauma CONEXPO India 2026,Tata Motors brings next-gen aggregates to Bauma CONEXPO India 2026,2026,Point-in-Time,Verified Media / Corporate Disclosures,https://en.wikipedia.org/wiki/Tata_Motors,2026,2026-09-16 13:46:20,Medium,False
Tata Motors Ltd,Table #3,STRATEGIC DEVELOPMENT,"Tata Motors Displays Gensets, Industrial Engines and Hub Reduction Axle at Bauma CONEXPO India 2026","Tata Motors Displays Gensets, Industrial Engines and Hub Reduction Axle at Bauma CONEXPO India 2026",2026,Point-in-Time,Verified Media / Corporate Disclosures,https://en.wikipedia.org/wiki/Tata_Motors,2026,2026-09-16 13:46:20,Medium,False
Tata Motors Ltd,Table #3,STRATEGIC ALLIANCE SIGNAL,"ToneTag Partners with Tata Motors, IndianOil, and NPCI to Launch ‘DrivePay’ In-Car Fuel Payments","ToneTag Partners with Tata Motors, IndianOil, and NPCI to Launch ‘DrivePay’ In-Car Fuel Payments",2026,Point-in-Time,Verified Media / Corporate Disclosures,https://en.wikipedia.org/wiki/Tata_Motors,2026,2026-09-16 13:46:20,Medium,False
Tata Motors Ltd,Table #3,STRATEGIC DEVELOPMENT,"Suzlon, Tata Motors among 10 stocks that saw sharpest drop in retail shareholders in Q1. Own any?","Suzlon, Tata Motors among 10 stocks that saw sharpest drop in retail shareholders in Q1. Own any?",2026,Point-in-Time,Verified Media / Corporate Disclosures,https://en.wikipedia.org/wiki/Tata_Motors,2026,2026-09-16 13:46:20,Medium,False
Tata Motors Ltd,Table #4,Operations,Core Business Profile,"Major multinational automotive manufacturing conglomerate producing commercial vehicles, passenger cars, and electric vehicles.",Current,Point-in-Time,Wikipedia Corporate Encyclopedia,https://en.wikipedia.org/wiki/Tata_Motors,N/A,2026-09-16 13:46:30,High,True
Tata Motors Ltd,Table #4,Brand Portfolio,Brands & Trademarks,"Tata, Jaguar, Land Rover (JLR), Tata Daewoo, Tata Ace, Nexon, Harrier, Punch",Current,Point-in-Time,Wikipedia Corporate Encyclopedia,https://en.wikipedia.org/wiki/Tata_Motors,N/A,2026-09-16 13:46:30,High,True
Tata Motors Ltd,Table #5,Growth Assessment,Growth Verdict,Rapid Expansion / Strong Growth: Rapid Expansion / Strong Growth — Tata Motors demonstrated exceptional top-line momentum with a 44.0% YoY revenue surge ,Current,Point-in-Time,Corporate Intelligence Synthesis,https://www.scconline.com/blog/post/2025/10/28/supreme-court-tata-motors-singur-land-restoration-for-industrial-entity/,N/A,2026-09-16 13:46:46,High,True
Tata Motors Ltd,Table #5,Financial Health,Annual Trend (YoY Revenue),"Mar 2026 vs Mar 2025 10m: +44.0% YoY [Audited Annual] (₹ 83,855 Cr. vs ₹ 58,217 Cr.)",Annual,Audited Annual,BSE/NSE Statutory Filings,https://www.scconline.com/blog/post/2025/10/28/supreme-court-tata-motors-singur-land-restoration-for-industrial-entity/,N/A,2026-09-16 13:46:46,High,True
Tata Motors Ltd,Table #5,Financial Health,Annual Profit Margin,"Mar 2026: 3.6% vs Mar 2025 10m: 5.5% (Contracting, -1.9% bps) [Audited Annual]",Annual,Audited Annual,BSE/NSE Statutory Filings,https://www.scconline.com/blog/post/2025/10/28/supreme-court-tata-motors-singur-land-restoration-for-industrial-entity/,N/A,2026-09-16 13:46:46,High,True
Tata Motors Ltd,Table #5,Financial Health,Latest Interim Performance,[FINANCIAL & M&A SIGNAL] [Tata Motors Directly] [REPORTED] Tata Motors PV Q1 net profit plunges 80% to Rs. 775 crore (Year: 2026) [Unaudited Interim],Quarterly,Unaudited Interim,Quarterly Disclosures,https://www.scconline.com/blog/post/2025/10/28/supreme-court-tata-motors-singur-land-restoration-for-industrial-entity/,N/A,2026-09-16 13:46:46,High,True
Liberty Shoes,Table #1,Corporate Master Data,CIN,L51901HR1986PLC023188,Point-in-Time,Point-in-Time,MCA / BSE Corporate Registry,https://www.mca.gov.in,N/A,2026-09-16 13:53:29,High,True
Liberty Shoes,Table #1,Corporate Identity & Governance,Company Name,Liberty Shoes Ltd,Current,Point-in-Time,Screener.in (BSE & NSE Corporate Financials),https://www.screener.in/company/LIBERTSHOE/,N/A,2026-09-16 13:53:29,High,True
Liberty Shoes,Table #1,Corporate Identity & Governance,Founding Year,1954,Current,Point-in-Time,Screener.in (BSE & NSE Corporate Financials),https://www.screener.in/company/LIBERTSHOE/,N/A,2026-09-16 13:53:29,High,True
Liberty Shoes,Table #1,Corporate Identity & Governance,Founder Name(s),"Dharam Pal Gupta, Purshotam Das Gupta",Current,Point-in-Time,Screener.in (BSE & NSE Corporate Financials),https://www.screener.in/company/LIBERTSHOE/,N/A,2026-09-16 13:53:29,High,True
Liberty Shoes,Table #1,Corporate Identity & Governance,CEO,Adesh Kumar Gupta,Current,Point-in-Time,Screener.in (BSE & NSE Corporate Financials),https://www.screener.in/company/LIBERTSHOE/,N/A,2026-09-16 13:53:29,High,True
Liberty Shoes,Table #1,Corporate Identity & Governance,CFO,Munish Kakra,Current,Point-in-Time,Screener.in (BSE & NSE Corporate Financials),https://www.screener.in/company/LIBERTSHOE/,N/A,2026-09-16 13:53:29,High,True
Liberty Shoes,Table #1,Corporate Identity & Governance,Headquarter (City),Karnal,Current,Point-in-Time,Screener.in (BSE & NSE Corporate Financials),https://www.screener.in/company/LIBERTSHOE/,N/A,2026-09-16 13:53:29,High,True
Liberty Shoes,Table #1,Corporate Identity & Governance,Office Address,"Karnal, Haryana, India",Current,Point-in-Time,Screener.in (BSE & NSE Corporate Financials),https://www.screener.in/company/LIBERTSHOE/,N/A,2026-09-16 13:53:29,High,True
Liberty Shoes,Table #1,Corporate Identity & Governance,Business Type (Private Limited/Public Limited),Public Limited,Current,Point-in-Time,Screener.in (BSE & NSE Corporate Financials),https://www.screener.in/company/LIBERTSHOE/,N/A,2026-09-16 13:53:29,High,True
Liberty Shoes,Table #1,Corporate Identity & Governance,Is Listed Company,Yes,Current,Point-in-Time,Screener.in (BSE & NSE Corporate Financials),https://www.screener.in/company/LIBERTSHOE/,N/A,2026-09-16 13:53:29,High,True
Liberty Shoes,Table #1,Corporate Identity & Governance,Stock Ticker,NSE/BSE: LIBERTSHOE,Current,Point-in-Time,Screener.in (BSE & NSE Corporate Financials),https://www.screener.in/company/LIBERTSHOE/,N/A,2026-09-16 13:53:29,High,True
Liberty Shoes,Table #1,Corporate Identity & Governance,Current Market Cap (Market Value/Mcap),₹ 369 Cr.,Current,Point-in-Time,Screener.in (BSE & NSE Corporate Financials),https://www.screener.in/company/LIBERTSHOE/,N/A,2026-09-16 13:53:29,High,True
Liberty Shoes,Table #1,Corporate Identity & Governance,Share Price,₹ 216,Current,Point-in-Time,Screener.in (BSE & NSE Corporate Financials),https://www.screener.in/company/LIBERTSHOE/,N/A,2026-09-16 13:53:29,High,True
Liberty Shoes,Table #1,Corporate Identity & Governance,CIN,L51901HR1986PLC023188,Current,Point-in-Time,Screener.in (BSE & NSE Corporate Financials),https://www.screener.in/company/LIBERTSHOE/,N/A,2026-09-16 13:53:29,High,True
Liberty Shoes,Table #1,Corporate Identity & Governance,RoC,RoC-Delhi,Current,Point-in-Time,Screener.in (BSE & NSE Corporate Financials),https://www.screener.in/company/LIBERTSHOE/,N/A,2026-09-16 13:53:29,High,True
Liberty Shoes,Table #1,Corporate Identity & Governance,Incorporation Date,03-09-1986,Current,Point-in-Time,Screener.in (BSE & NSE Corporate Financials),https://www.screener.in/company/LIBERTSHOE/,N/A,2026-09-16 13:53:29,High,True
Liberty Shoes Ltd,Table #2,Financial Performance,Net Revenue/Net Sales,₹ 488 Cr.,Mar 2022,Audited Annual,Screener.in (Audited Multi-Year P&L Financials),https://www.screener.in/company/LIBERTSHOE/,N/A,2026-09-16 13:53:34,High,True
Liberty Shoes Ltd,Table #2,Financial Performance,Net Profit,₹ 2 Cr.,Mar 2022,Audited Annual,Screener.in (Audited Multi-Year P&L Financials),https://www.screener.in/company/LIBERTSHOE/,N/A,2026-09-16 13:53:34,High,True
Liberty Shoes Ltd,Table #2,Financial Performance,EBITDA,₹ 45 Cr.,Mar 2022,Audited Annual,Screener.in (Audited Multi-Year P&L Financials),https://www.screener.in/company/LIBERTSHOE/,N/A,2026-09-16 13:53:34,High,True
Liberty Shoes Ltd,Table #2,Financial Performance,Net Revenue/Net Sales,₹ 654 Cr.,Mar 2023,Audited Annual,Screener.in (Audited Multi-Year P&L Financials),https://www.screener.in/company/LIBERTSHOE/,N/A,2026-09-16 13:53:34,High,True
Liberty Shoes Ltd,Table #2,Financial Performance,Net Profit,₹ 13 Cr.,Mar 2023,Audited Annual,Screener.in (Audited Multi-Year P&L Financials),https://www.screener.in/company/LIBERTSHOE/,N/A,2026-09-16 13:53:34,High,True
Liberty Shoes Ltd,Table #2,Financial Performance,EBITDA,₹ 62 Cr.,Mar 2023,Audited Annual,Screener.in (Audited Multi-Year P&L Financials),https://www.screener.in/company/LIBERTSHOE/,N/A,2026-09-16 13:53:34,High,True
Liberty Shoes Ltd,Table #2,Financial Performance,Net Revenue/Net Sales,₹ 637 Cr.,Mar 2024,Audited Annual,Screener.in (Audited Multi-Year P&L Financials),https://www.screener.in/company/LIBERTSHOE/,N/A,2026-09-16 13:53:34,High,True
Liberty Shoes Ltd,Table #2,Financial Performance,Net Profit,₹ 11 Cr.,Mar 2024,Audited Annual,Screener.in (Audited Multi-Year P&L Financials),https://www.screener.in/company/LIBERTSHOE/,N/A,2026-09-16 13:53:34,High,True
Liberty Shoes Ltd,Table #2,Financial Performance,EBITDA,₹ 67 Cr.,Mar 2024,Audited Annual,Screener.in (Audited Multi-Year P&L Financials),https://www.screener.in/company/LIBERTSHOE/,N/A,2026-09-16 13:53:34,High,True
Liberty Shoes Ltd,Table #2,Financial Performance,Net Revenue/Net Sales,₹ 675 Cr.,Mar 2025,Audited Annual,Screener.in (Audited Multi-Year P&L Financials),https://www.screener.in/company/LIBERTSHOE/,N/A,2026-09-16 13:53:34,High,True
Liberty Shoes Ltd,Table #2,Financial Performance,Net Profit,₹ 14 Cr.,Mar 2025,Audited Annual,Screener.in (Audited Multi-Year P&L Financials),https://www.screener.in/company/LIBERTSHOE/,N/A,2026-09-16 13:53:34,High,True
Liberty Shoes Ltd,Table #2,Financial Performance,EBITDA,₹ 69 Cr.,Mar 2025,Audited Annual,Screener.in (Audited Multi-Year P&L Financials),https://www.screener.in/company/LIBERTSHOE/,N/A,2026-09-16 13:53:34,High,True
Liberty Shoes Ltd,Table #2,Financial Performance,Net Revenue/Net Sales,₹ 740 Cr.,Mar 2026,Audited Annual,Screener.in (Audited Multi-Year P&L Financials),https://www.screener.in/company/LIBERTSHOE/,N/A,2026-09-16 13:53:34,High,True
Liberty Shoes Ltd,Table #2,Financial Performance,Net Profit,₹ 11 Cr.,Mar 2026,Audited Annual,Screener.in (Audited Multi-Year P&L Financials),https://www.screener.in/company/LIBERTSHOE/,N/A,2026-09-16 13:53:34,High,True
Liberty Shoes Ltd,Table #2,Financial Performance,EBITDA,₹ 64 Cr.,Mar 2026,Audited Annual,Screener.in (Audited Multi-Year P&L Financials),https://www.screener.in/company/LIBERTSHOE/,N/A,2026-09-16 13:53:34,High,True
Liberty Shoes Ltd,Table #2,Market Standing,Market Cap,₹ 370 Cr.,Mar 2026,Audited Annual,Screener.in (Audited Multi-Year P&L Financials),https://www.screener.in/company/LIBERTSHOE/,N/A,2026-09-16 13:53:34,High,True
Liberty Shoes Ltd,Table #2,Financial Performance,Net Revenue/Net Sales,₹ 737 Cr.,TTM,TTM,Screener.in (Audited Multi-Year P&L Financials),https://www.screener.in/company/LIBERTSHOE/,N/A,2026-09-16 13:53:34,High,True
Liberty Shoes Ltd,Table #2,Financial Performance,Net Profit,₹ 9 Cr.,TTM,TTM,Screener.in (Audited Multi-Year P&L Financials),https://www.screener.in/company/LIBERTSHOE/,N/A,2026-09-16 13:53:34,High,True
Liberty Shoes Ltd,Table #2,Financial Performance,EBITDA,₹ 62 Cr.,TTM,TTM,Screener.in (Audited Multi-Year P&L Financials),https://www.screener.in/company/LIBERTSHOE/,N/A,2026-09-16 13:53:34,High,True
Liberty Shoes Ltd,Table #2,Market Standing,Market Cap,₹ 370 Cr.,TTM,TTM,Screener.in (Audited Multi-Year P&L Financials),https://www.screener.in/company/LIBERTSHOE/,N/A,2026-09-16 13:53:34,High,True
Liberty Shoes Ltd,Table #3,EXPANSION SIGNAL,"Liberty Shoes on an Expansion Spree, Aims to Open 100 Stores","Liberty Shoes on an Expansion Spree, Aims to Open 100 Stores",2026,Point-in-Time,Verified Media / Corporate Disclosures,https://news.google.com/rss/articles/CBMifEFVX3lxTFBRUWJ2V0pUbGZlSGt0c2hYUTRkV09DTVhCclJSTFg2ZXZGZlBRckpRS2RJazlGRHRqMjJOZERLVWNkSTNLWE9DcWlIRFQzaUZxMVNDRWlzaTZlUmptcU5FZ2UzMXJXRmYxc3hoMk9oVzU0VWhmcy03MjM3M2M?oc=5,2026,2026-09-16 13:53:43,Medium,False
Liberty Shoes Ltd,Table #3,STRATEGIC DEVELOPMENT,Liberty Shoes Doubles Down On Comfort & Consumer Connect For 15% Growth: Anupam Bansal,Liberty Shoes Doubles Down On Comfort & Consumer Connect For 15% Growth: Anupam Bansal,2026,Point-in-Time,Verified Media / Corporate Disclosures,https://news.google.com/rss/articles/CBMifEFVX3lxTFBRUWJ2V0pUbGZlSGt0c2hYUTRkV09DTVhCclJSTFg2ZXZGZlBRckpRS2RJazlGRHRqMjJOZERLVWNkSTNLWE9DcWlIRFQzaUZxMVNDRWlzaTZlUmptcU5FZ2UzMXJXRmYxc3hoMk9oVzU0VWhmcy03MjM3M2M?oc=5,2026,2026-09-16 13:53:43,Medium,False
Liberty Shoes Ltd,Table #3,FINANCIAL & M&A SIGNAL,Liberty Shoes standalone net profit declines 79.58% in the June 2026 quarter,Liberty Shoes standalone net profit declines 79.58% in the June 2026 quarter,2026,Point-in-Time,Verified Media / Corporate Disclosures,https://news.google.com/rss/articles/CBMifEFVX3lxTFBRUWJ2V0pUbGZlSGt0c2hYUTRkV09DTVhCclJSTFg2ZXZGZlBRckpRS2RJazlGRHRqMjJOZERLVWNkSTNLWE9DcWlIRFQzaUZxMVNDRWlzaTZlUmptcU5FZ2UzMXJXRmYxc3hoMk9oVzU0VWhmcy03MjM3M2M?oc=5,2026,2026-09-16 13:53:43,Medium,False
Liberty Shoes Ltd,Table #3,STRATEGIC DEVELOPMENT,"Liberty Shoes Standalone June 2026 Net Sales at Rs 169.86 crore, down 1.7% Y-o","Liberty Shoes Standalone June 2026 Net Sales at Rs 169.86 crore, down 1.7% Y-o",2026,Point-in-Time,Verified Media / Corporate Disclosures,https://news.google.com/rss/articles/CBMifEFVX3lxTFBRUWJ2V0pUbGZlSGt0c2hYUTRkV09DTVhCclJSTFg2ZXZGZlBRckpRS2RJazlGRHRqMjJOZERLVWNkSTNLWE9DcWlIRFQzaUZxMVNDRWlzaTZlUmptcU5FZ2UzMXJXRmYxc3hoMk9oVzU0VWhmcy03MjM3M2M?oc=5,2026,2026-09-16 13:53:43,Medium,False
Liberty Shoes Ltd,Table #3,FINANCIAL & M&A SIGNAL,Liberty Shoes schedules 40th AGM; revenue up 9.55% in FY26,Liberty Shoes schedules 40th AGM; revenue up 9.55% in FY26,2026,Point-in-Time,Verified Media / Corporate Disclosures,https://news.google.com/rss/articles/CBMifEFVX3lxTFBRUWJ2V0pUbGZlSGt0c2hYUTRkV09DTVhCclJSTFg2ZXZGZlBRckpRS2RJazlGRHRqMjJOZERLVWNkSTNLWE9DcWlIRFQzaUZxMVNDRWlzaTZlUmptcU5FZ2UzMXJXRmYxc3hoMk9oVzU0VWhmcy03MjM3M2M?oc=5,2026,2026-09-16 13:53:43,Medium,False
Liberty Shoes Ltd,Table #3,FINANCIAL & M&A SIGNAL,"LIBERTSHOE Mar 2026 Earnings: EPS at Rs. 3.11, Revenue Holds at Rs. 212.05 Crore Amid Stable Operations","LIBERTSHOE Mar 2026 Earnings: EPS at Rs. 3.11, Revenue Holds at Rs. 212.05 Crore Amid Stable Operations",2026,Point-in-Time,Verified Media / Corporate Disclosures,https://news.google.com/rss/articles/CBMifEFVX3lxTFBRUWJ2V0pUbGZlSGt0c2hYUTRkV09DTVhCclJSTFg2ZXZGZlBRckpRS2RJazlGRHRqMjJOZERLVWNkSTNLWE9DcWlIRFQzaUZxMVNDRWlzaTZlUmptcU5FZ2UzMXJXRmYxc3hoMk9oVzU0VWhmcy03MjM3M2M?oc=5,2026,2026-09-16 13:53:43,Medium,False
Liberty Shoes Ltd,Table #3,FINANCIAL & M&A SIGNAL,Liberty Shoes Q4 net profit down 5.5% to Rs. 5.29 cr,Liberty Shoes Q4 net profit down 5.5% to Rs. 5.29 cr,2026,Point-in-Time,Verified Media / Corporate Disclosures,https://news.google.com/rss/articles/CBMifEFVX3lxTFBRUWJ2V0pUbGZlSGt0c2hYUTRkV09DTVhCclJSTFg2ZXZGZlBRckpRS2RJazlGRHRqMjJOZERLVWNkSTNLWE9DcWlIRFQzaUZxMVNDRWlzaTZlUmptcU5FZ2UzMXJXRmYxc3hoMk9oVzU0VWhmcy03MjM3M2M?oc=5,2026,2026-09-16 13:53:43,Medium,False
Liberty Shoes Ltd,Table #3,LEADERSHIP SIGNAL,"Life in Focus: Anupam Bansal Executive Director, Liberty Shoes","Life in Focus: Anupam Bansal Executive Director, Liberty Shoes",2026,Point-in-Time,Verified Media / Corporate Disclosures,https://news.google.com/rss/articles/CBMifEFVX3lxTFBRUWJ2V0pUbGZlSGt0c2hYUTRkV09DTVhCclJSTFg2ZXZGZlBRckpRS2RJazlGRHRqMjJOZERLVWNkSTNLWE9DcWlIRFQzaUZxMVNDRWlzaTZlUmptcU5FZ2UzMXJXRmYxc3hoMk9oVzU0VWhmcy03MjM3M2M?oc=5,2026,2026-09-16 13:53:43,Medium,False
Liberty Shoes Ltd,Table #3,LEADERSHIP SIGNAL,Liberty Shoes appoints Priyanka Vishnoi as head of marketing,Liberty Shoes appoints Priyanka Vishnoi as head of marketing,2026,Point-in-Time,Verified Media / Corporate Disclosures,https://news.google.com/rss/articles/CBMifEFVX3lxTFBRUWJ2V0pUbGZlSGt0c2hYUTRkV09DTVhCclJSTFg2ZXZGZlBRckpRS2RJazlGRHRqMjJOZERLVWNkSTNLWE9DcWlIRFQzaUZxMVNDRWlzaTZlUmptcU5FZ2UzMXJXRmYxc3hoMk9oVzU0VWhmcy03MjM3M2M?oc=5,2026,2026-09-16 13:53:43,Medium,False
Liberty Shoes Ltd,Table #3,LEADERSHIP SIGNAL,Priyanka Vishnoi appointed Head of Marketing at Liberty Shoes,Priyanka Vishnoi appointed Head of Marketing at Liberty Shoes,2026,Point-in-Time,Verified Media / Corporate Disclosures,https://news.google.com/rss/articles/CBMifEFVX3lxTFBRUWJ2V0pUbGZlSGt0c2hYUTRkV09DTVhCclJSTFg2ZXZGZlBRckpRS2RJazlGRHRqMjJOZERLVWNkSTNLWE9DcWlIRFQzaUZxMVNDRWlzaTZlUmptcU5FZ2UzMXJXRmYxc3hoMk9oVzU0VWhmcy03MjM3M2M?oc=5,2026,2026-09-16 13:53:43,Medium,False
Liberty Shoes Ltd,Table #3,LEADERSHIP SIGNAL,"afaqs! Pause - Anupam Bansal, Executive Director, Liberty Shoes","afaqs! Pause - Anupam Bansal, Executive Director, Liberty Shoes",2026,Point-in-Time,Verified Media / Corporate Disclosures,https://news.google.com/rss/articles/CBMifEFVX3lxTFBRUWJ2V0pUbGZlSGt0c2hYUTRkV09DTVhCclJSTFg2ZXZGZlBRckpRS2RJazlGRHRqMjJOZERLVWNkSTNLWE9DcWlIRFQzaUZxMVNDRWlzaTZlUmptcU5FZ2UzMXJXRmYxc3hoMk9oVzU0VWhmcy03MjM3M2M?oc=5,2026,2026-09-16 13:53:43,Medium,False
Liberty Shoes Ltd,Table #3,STRATEGIC DEVELOPMENT,Liberty Shoes Bull Case vs Bear Case for 2026,Liberty Shoes Bull Case vs Bear Case for 2026,2026,Point-in-Time,Verified Media / Corporate Disclosures,https://news.google.com/rss/articles/CBMifEFVX3lxTFBRUWJ2V0pUbGZlSGt0c2hYUTRkV09DTVhCclJSTFg2ZXZGZlBRckpRS2RJazlGRHRqMjJOZERLVWNkSTNLWE9DcWlIRFQzaUZxMVNDRWlzaTZlUmptcU5FZ2UzMXJXRmYxc3hoMk9oVzU0VWhmcy03MjM3M2M?oc=5,2026,2026-09-16 13:53:43,Medium,False
Liberty Shoes Ltd,Table #4,Operations,Core Business Profile,"Liberty Shoes Ltd is a prominent Indian footwear manufacturer and retailer renowned for delivering stylish, comfortable, and durable shoes for all age groups. Positioned as a mass-premium household brand, the company maintains strong market leadership in India through its deeply entrenched manufacturing capabilities and extensive retail footprint.",Current,Point-in-Time,Wikipedia Corporate Encyclopedia,https://en.wikipedia.org/wiki/Liberty_Shoes,N/A,2026-09-16 13:53:58,High,True
Liberty Shoes Ltd,Table #4,Brand Portfolio,Brands & Trademarks,"Healers, Leap 7X, Aha, Lucy & Luke, Warrior, Gliders, Force 10, Tiptop",Current,Point-in-Time,Wikipedia Corporate Encyclopedia,https://en.wikipedia.org/wiki/Liberty_Shoes,N/A,2026-09-16 13:53:58,High,True
Liberty Shoes Ltd,Table #5,Growth Assessment,Growth Verdict,Growing (Steady Revenue Expansion): Growing (Steady Revenue Expansion) — Liberty Shoes achieved a 9.6% YoY revenue increase to ₹740 Cr. for FY2026 driven by,Current,Point-in-Time,Corporate Intelligence Synthesis,Public Disclosures,N/A,2026-09-16 13:54:11,High,True
Liberty Shoes Ltd,Table #5,Financial Health,Annual Trend (YoY Revenue),Mar 2026 vs Mar 2025: +9.6% YoY [Audited Annual] (₹ 740 Cr. vs ₹ 675 Cr.),Annual,Audited Annual,BSE/NSE Statutory Filings,Public Disclosures,N/A,2026-09-16 13:54:11,High,True
Liberty Shoes Ltd,Table #5,Financial Health,Annual Profit Margin,"Mar 2026: 1.5% vs Mar 2025: 2.1% (Contracting, -0.6% bps) [Audited Annual]",Annual,Audited Annual,BSE/NSE Statutory Filings,Public Disclosures,N/A,2026-09-16 13:54:11,High,True
Liberty Shoes Ltd,Table #5,Financial Health,Latest Interim Performance,[FINANCIAL & M&A SIGNAL] [Liberty Directly] [REPORTED] Liberty Shoes standalone net profit declines 79.58% in the June 2026 quarter (Year: 2026) [Unaudited Interim],Quarterly,Unaudited Interim,Quarterly Disclosures,Public Disclosures,N/A,2026-09-16 13:54:11,High,True
Adani Energy Solutions,Table #1,Corporate Master Data,CIN,L40100GJ2013PLC077803,Point-in-Time,Point-in-Time,MCA / BSE Corporate Registry,https://www.mca.gov.in,N/A,2026-09-16 14:05:17,High,True
Adani Energy Solutions,Table #1,Corporate Identity & Governance,Company Name,Adani Energy Solutions Ltd,Current,Point-in-Time,Screener.in (BSE & NSE Corporate Financials),https://www.screener.in/company/ADANIENSOL/consolidated/,N/A,2026-09-16 14:05:17,High,True
Adani Energy Solutions,Table #1,Corporate Identity & Governance,Founding Year,2013,Current,Point-in-Time,Screener.in (BSE & NSE Corporate Financials),https://www.screener.in/company/ADANIENSOL/consolidated/,N/A,2026-09-16 14:05:17,High,True
Adani Energy Solutions,Table #1,Corporate Identity & Governance,Founder Name(s),Gautam Adani,Current,Point-in-Time,Screener.in (BSE & NSE Corporate Financials),https://www.screener.in/company/ADANIENSOL/consolidated/,N/A,2026-09-16 14:05:17,High,True
Adani Energy Solutions,Table #1,Corporate Identity & Governance,CEO,Bimal Dayal,Current,Point-in-Time,Screener.in (BSE & NSE Corporate Financials),https://www.screener.in/company/ADANIENSOL/consolidated/,N/A,2026-09-16 14:05:17,High,True
Adani Energy Solutions,Table #1,Corporate Identity & Governance,CFO,Rohit Soni,Current,Point-in-Time,Screener.in (BSE & NSE Corporate Financials),https://www.screener.in/company/ADANIENSOL/consolidated/,N/A,2026-09-16 14:05:17,High,True
Adani Energy Solutions,Table #1,Corporate Identity & Governance,Headquarter (City),Shantigram,Current,Point-in-Time,Screener.in (BSE & NSE Corporate Financials),https://www.screener.in/company/ADANIENSOL/consolidated/,N/A,2026-09-16 14:05:17,High,True
Adani Energy Solutions,Table #1,Corporate Identity & Governance,Office Address,"Shantigram, Khodiyar, Ahmedabad, India",Current,Point-in-Time,Screener.in (BSE & NSE Corporate Financials),https://www.screener.in/company/ADANIENSOL/consolidated/,N/A,2026-09-16 14:05:17,High,True
Adani Energy Solutions,Table #1,Corporate Identity & Governance,Business Type (Private Limited/Public Limited),Public Limited,Current,Point-in-Time,Screener.in (BSE & NSE Corporate Financials),https://www.screener.in/company/ADANIENSOL/consolidated/,N/A,2026-09-16 14:05:17,High,True
Adani Energy Solutions,Table #1,Corporate Identity & Governance,Is Listed Company,Yes,Current,Point-in-Time,Screener.in (BSE & NSE Corporate Financials),https://www.screener.in/company/ADANIENSOL/consolidated/,N/A,2026-09-16 14:05:17,High,True
Adani Energy Solutions,Table #1,Corporate Identity & Governance,Stock Ticker,NSE/BSE: ADANIENSOL,Current,Point-in-Time,Screener.in (BSE & NSE Corporate Financials),https://www.screener.in/company/ADANIENSOL/consolidated/,N/A,2026-09-16 14:05:17,High,True
Adani Energy Solutions,Table #1,Corporate Identity & Governance,Current Market Cap (Market Value/Mcap),"₹ 1,65,759 Cr.",Current,Point-in-Time,Screener.in (BSE & NSE Corporate Financials),https://www.screener.in/company/ADANIENSOL/consolidated/,N/A,2026-09-16 14:05:17,High,True
Adani Energy Solutions,Table #1,Corporate Identity & Governance,Share Price,"₹ 1,355",Current,Point-in-Time,Screener.in (BSE & NSE Corporate Financials),https://www.screener.in/company/ADANIENSOL/consolidated/,N/A,2026-09-16 14:05:17,High,True
Adani Energy Solutions,Table #1,Corporate Identity & Governance,CIN,L40100GJ2013PLC077803,Current,Point-in-Time,Screener.in (BSE & NSE Corporate Financials),https://www.screener.in/company/ADANIENSOL/consolidated/,N/A,2026-09-16 14:05:17,High,True
Adani Energy Solutions,Table #1,Corporate Identity & Governance,RoC,RoC-Ahmedabad,Current,Point-in-Time,Screener.in (BSE & NSE Corporate Financials),https://www.screener.in/company/ADANIENSOL/consolidated/,N/A,2026-09-16 14:05:17,High,True
Adani Energy Solutions,Table #1,Corporate Identity & Governance,Incorporation Date,16-12-2013,Current,Point-in-Time,Screener.in (BSE & NSE Corporate Financials),https://www.screener.in/company/ADANIENSOL/consolidated/,N/A,2026-09-16 14:05:17,High,True
Adani Energy Solutions Ltd,Table #2,Financial Performance,Net Revenue/Net Sales,"₹ 11,258 Cr.",Mar 2022,Audited Annual,Screener.in (Audited Multi-Year P&L Financials),https://www.screener.in/company/ADANIENSOL/consolidated/,N/A,2026-09-16 14:05:22,High,True
Adani Energy Solutions Ltd,Table #2,Financial Performance,Net Profit,"₹ 1,236 Cr.",Mar 2022,Audited Annual,Screener.in (Audited Multi-Year P&L Financials),https://www.screener.in/company/ADANIENSOL/consolidated/,N/A,2026-09-16 14:05:22,High,True
Adani Energy Solutions Ltd,Table #2,Financial Performance,EBITDA,"₹ 4,206 Cr.",Mar 2022,Audited Annual,Screener.in (Audited Multi-Year P&L Financials),https://www.screener.in/company/ADANIENSOL/consolidated/,N/A,2026-09-16 14:05:22,High,True
Adani Energy Solutions Ltd,Table #2,Market Standing,Market Cap,$34.89 B,Mar 2022,Audited Annual,Screener.in (Audited Multi-Year P&L Financials),https://www.screener.in/company/ADANIENSOL/consolidated/,N/A,2026-09-16 14:05:22,High,True
Adani Energy Solutions Ltd,Table #2,Financial Performance,Net Revenue/Net Sales,"₹ 13,293 Cr.",Mar 2023,Audited Annual,Screener.in (Audited Multi-Year P&L Financials),https://www.screener.in/company/ADANIENSOL/consolidated/,N/A,2026-09-16 14:05:22,High,True
Adani Energy Solutions Ltd,Table #2,Financial Performance,Net Profit,"₹ 1,281 Cr.",Mar 2023,Audited Annual,Screener.in (Audited Multi-Year P&L Financials),https://www.screener.in/company/ADANIENSOL/consolidated/,N/A,2026-09-16 14:05:22,High,True
Adani Energy Solutions Ltd,Table #2,Financial Performance,EBITDA,"₹ 4,518 Cr.",Mar 2023,Audited Annual,Screener.in (Audited Multi-Year P&L Financials),https://www.screener.in/company/ADANIENSOL/consolidated/,N/A,2026-09-16 14:05:22,High,True
Adani Energy Solutions Ltd,Table #2,Market Standing,Market Cap,$14.17 B,Mar 2023,Audited Annual,Screener.in (Audited Multi-Year P&L Financials),https://www.screener.in/company/ADANIENSOL/consolidated/,N/A,2026-09-16 14:05:22,High,True
Adani Energy Solutions Ltd,Table #2,Financial Performance,Net Revenue/Net Sales,"₹ 16,607 Cr.",Mar 2024,Audited Annual,Screener.in (Audited Multi-Year P&L Financials),https://www.screener.in/company/ADANIENSOL/consolidated/,N/A,2026-09-16 14:05:22,High,True
Adani Energy Solutions Ltd,Table #2,Financial Performance,Net Profit,"₹ 1,196 Cr.",Mar 2024,Audited Annual,Screener.in (Audited Multi-Year P&L Financials),https://www.screener.in/company/ADANIENSOL/consolidated/,N/A,2026-09-16 14:05:22,High,True
Adani Energy Solutions Ltd,Table #2,Financial Performance,EBITDA,"₹ 5,711 Cr.",Mar 2024,Audited Annual,Screener.in (Audited Multi-Year P&L Financials),https://www.screener.in/company/ADANIENSOL/consolidated/,N/A,2026-09-16 14:05:22,High,True
Adani Energy Solutions Ltd,Table #2,Market Standing,Market Cap,$11.33 B,Mar 2024,Audited Annual,Screener.in (Audited Multi-Year P&L Financials),https://www.screener.in/company/ADANIENSOL/consolidated/,N/A,2026-09-16 14:05:22,High,True
Adani Energy Solutions Ltd,Table #2,Financial Performance,Net Revenue/Net Sales,"₹ 23,767 Cr.",Mar 2025,Audited Annual,Screener.in (Audited Multi-Year P&L Financials),https://www.screener.in/company/ADANIENSOL/consolidated/,N/A,2026-09-16 14:05:22,High,True
Adani Energy Solutions Ltd,Table #2,Financial Performance,Net Profit,₹ 922 Cr.,Mar 2025,Audited Annual,Screener.in (Audited Multi-Year P&L Financials),https://www.screener.in/company/ADANIENSOL/consolidated/,N/A,2026-09-16 14:05:22,High,True
Adani Energy Solutions Ltd,Table #2,Financial Performance,EBITDA,"₹ 7,067 Cr.",Mar 2025,Audited Annual,Screener.in (Audited Multi-Year P&L Financials),https://www.screener.in/company/ADANIENSOL/consolidated/,N/A,2026-09-16 14:05:22,High,True
Adani Energy Solutions Ltd,Table #2,Market Standing,Market Cap,$13.57 B,Mar 2025,Audited Annual,Screener.in (Audited Multi-Year P&L Financials),https://www.screener.in/company/ADANIENSOL/consolidated/,N/A,2026-09-16 14:05:22,High,True
Adani Energy Solutions Ltd,Table #2,Financial Performance,Net Revenue/Net Sales,"₹ 27,588 Cr.",Mar 2026,Audited Annual,Screener.in (Audited Multi-Year P&L Financials),https://www.screener.in/company/ADANIENSOL/consolidated/,N/A,2026-09-16 14:05:22,High,True
Adani Energy Solutions Ltd,Table #2,Financial Performance,Net Profit,"₹ 2,393 Cr.",Mar 2026,Audited Annual,Screener.in (Audited Multi-Year P&L Financials),https://www.screener.in/company/ADANIENSOL/consolidated/,N/A,2026-09-16 14:05:22,High,True
Adani Energy Solutions Ltd,Table #2,Financial Performance,EBITDA,"₹ 8,005 Cr.",Mar 2026,Audited Annual,Screener.in (Audited Multi-Year P&L Financials),https://www.screener.in/company/ADANIENSOL/consolidated/,N/A,2026-09-16 14:05:22,High,True
Adani Energy Solutions Ltd,Table #2,Market Standing,Market Cap,$17.27 B,Mar 2026,Audited Annual,Screener.in (Audited Multi-Year P&L Financials),https://www.screener.in/company/ADANIENSOL/consolidated/,N/A,2026-09-16 14:05:22,High,True
Adani Energy Solutions Ltd,Table #2,Financial Performance,Net Revenue/Net Sales,"₹ 30,480 Cr.",TTM,TTM,Screener.in (Audited Multi-Year P&L Financials),https://www.screener.in/company/ADANIENSOL/consolidated/,N/A,2026-09-16 14:05:22,High,True
Adani Energy Solutions Ltd,Table #2,Financial Performance,Net Profit,"₹ 3,090 Cr.",TTM,TTM,Screener.in (Audited Multi-Year P&L Financials),https://www.screener.in/company/ADANIENSOL/consolidated/,N/A,2026-09-16 14:05:22,High,True
Adani Energy Solutions Ltd,Table #2,Financial Performance,EBITDA,"₹ 9,104 Cr.",TTM,TTM,Screener.in (Audited Multi-Year P&L Financials),https://www.screener.in/company/ADANIENSOL/consolidated/,N/A,2026-09-16 14:05:22,High,True
Adani Energy Solutions Ltd,Table #2,Market Standing,Market Cap,"₹ 1,65,759 Cr.",TTM,TTM,Screener.in (Audited Multi-Year P&L Financials),https://www.screener.in/company/ADANIENSOL/consolidated/,N/A,2026-09-16 14:05:22,High,True
Adani Energy Solutions Ltd,Table #3,CONTRACT & PROJECTS SIGNAL,"Adani Energy Solutions Wins INR 4,700 Crore Satara Transmission Project - Wire & Cable India","Adani Energy Solutions Wins INR 4,700 Crore Satara Transmission Project - Wire & Cable India",2026,Point-in-Time,Verified Media / Corporate Disclosures,https://en.wikipedia.org/wiki/Adani_Energy_Solutions,2026,2026-09-16 14:05:35,Medium,False
Adani Energy Solutions Ltd,Table #3,FINANCIAL & M&A SIGNAL,"Adani Energy Solutions Approves Rs. 10,000 Cr Fundraise via QIP to Fuel Expansion","Adani Energy Solutions Approves Rs. 10,000 Cr Fundraise via QIP to Fuel Expansion",2026,Point-in-Time,Verified Media / Corporate Disclosures,https://en.wikipedia.org/wiki/Adani_Energy_Solutions,2026,2026-09-16 14:05:35,Medium,False
Adani Energy Solutions Ltd,Table #3,CONTRACT & PROJECTS SIGNAL,"Adani Energy Solutions bags Rs 4,700 cr transmission project in Maharashtra","Adani Energy Solutions bags Rs 4,700 cr transmission project in Maharashtra",2026,Point-in-Time,Verified Media / Corporate Disclosures,https://en.wikipedia.org/wiki/Adani_Energy_Solutions,2026,2026-09-16 14:05:35,Medium,False
Adani Energy Solutions Ltd,Table #3,FINANCIAL & M&A SIGNAL,"Adani Energy Solutions Q1 FY27 Profit More Than Doubles to Rs 1,149 Crore on Strong Transmission Growth","Adani Energy Solutions Q1 FY27 Profit More Than Doubles to Rs 1,149 Crore on Strong Transmission Growth",2026,Point-in-Time,Verified Media / Corporate Disclosures,https://en.wikipedia.org/wiki/Adani_Energy_Solutions,2026,2026-09-16 14:05:35,Medium,False
Adani Energy Solutions Ltd,Table #3,FINANCIAL & M&A SIGNAL,"Adani Energy Solutions completes Rs. 3,500 crore QIP","Adani Energy Solutions completes Rs. 3,500 crore QIP",2026,Point-in-Time,Verified Media / Corporate Disclosures,https://en.wikipedia.org/wiki/Adani_Energy_Solutions,2026,2026-09-16 14:05:35,Medium,False
Adani Energy Solutions Ltd,Table #3,FINANCIAL & M&A SIGNAL,"Adani Energy Solutions Q1 net profit more than doubles to Rs 1,149 cr, revenue up 42%; stock jumps","Adani Energy Solutions Q1 net profit more than doubles to Rs 1,149 cr, revenue up 42%; stock jumps",2026,Point-in-Time,Verified Media / Corporate Disclosures,https://en.wikipedia.org/wiki/Adani_Energy_Solutions,2026,2026-09-16 14:05:35,Medium,False
Adani Energy Solutions Ltd,Table #3,FINANCIAL & M&A SIGNAL,Adani Energy Solutions more than doubles Q1 net profit on improved operating margins,Adani Energy Solutions more than doubles Q1 net profit on improved operating margins,2026,Point-in-Time,Verified Media / Corporate Disclosures,https://en.wikipedia.org/wiki/Adani_Energy_Solutions,2026,2026-09-16 14:05:35,Medium,False
Adani Energy Solutions Ltd,Table #3,FINANCIAL & M&A SIGNAL,"Adani Energy Solutions Q1FY27 profit more than doubles to Rs. 1,237 cr","Adani Energy Solutions Q1FY27 profit more than doubles to Rs. 1,237 cr",2026,Point-in-Time,Verified Media / Corporate Disclosures,https://en.wikipedia.org/wiki/Adani_Energy_Solutions,2026,2026-09-16 14:05:35,Medium,False
Adani Energy Solutions Ltd,Table #3,CONTRACT & PROJECTS SIGNAL,"Adani Energy Solutions wins Rs 4,700 crore transmission project in Maharashtra","Adani Energy Solutions wins Rs 4,700 crore transmission project in Maharashtra",2026,Point-in-Time,Verified Media / Corporate Disclosures,https://en.wikipedia.org/wiki/Adani_Energy_Solutions,2026,2026-09-16 14:05:35,Medium,False
Adani Energy Solutions Ltd,Table #3,CONTRACT & PROJECTS SIGNAL,"Adani Energy Solutions shares rise 3% on bagging Rs. 4,700 crore transmission project; all you need to know","Adani Energy Solutions shares rise 3% on bagging Rs. 4,700 crore transmission project; all you need to know",2026,Point-in-Time,Verified Media / Corporate Disclosures,https://en.wikipedia.org/wiki/Adani_Energy_Solutions,2026,2026-09-16 14:05:35,Medium,False
Adani Energy Solutions Ltd,Table #3,LEADERSHIP SIGNAL,Adani Energy Solutions appoints Ashok Jagetiya as CFO,Adani Energy Solutions appoints Ashok Jagetiya as CFO,2026,Point-in-Time,Verified Media / Corporate Disclosures,https://en.wikipedia.org/wiki/Adani_Energy_Solutions,2026,2026-09-16 14:05:35,Medium,False
Adani Energy Solutions Ltd,Table #3,STRATEGIC DEVELOPMENT,Adani Energy Solutions appoints Pramath Nath as Chief People Officer - People Matters,Adani Energy Solutions appoints Pramath Nath as Chief People Officer - People Matters,2026,Point-in-Time,Verified Media / Corporate Disclosures,https://en.wikipedia.org/wiki/Adani_Energy_Solutions,2026,2026-09-16 14:05:35,Medium,False
Adani Energy Solutions Ltd,Table #4,Operations,Core Business Profile,"India's largest private power transmission, urban electricity distribution, and smart metering utility, operating high-voltage transmission networks and retail electricity distribution across Mumbai.",Current,Point-in-Time,Wikipedia Corporate Encyclopedia,https://en.wikipedia.org/wiki/Adani_Energy_Solutions,N/A,2026-09-16 14:05:48,High,True
Adani Energy Solutions Ltd,Table #4,Brand Portfolio,Brands & Trademarks,"Adani Energy Solutions, Adani Transmission, Adani Electricity Mumbai Limited",Current,Point-in-Time,Wikipedia Corporate Encyclopedia,https://en.wikipedia.org/wiki/Adani_Energy_Solutions,N/A,2026-09-16 14:05:48,High,True
Adani Energy Solutions Ltd,Table #5,Growth Assessment,Growth Verdict,Rapid Expansion / Strong Growth: Rapid Expansion / Strong Growth — Adani Energy Solutions Ltd demonstrated robust performance for the fiscal year ending ,Current,Point-in-Time,Corporate Intelligence Synthesis,Public Disclosures,N/A,2026-09-16 14:06:08,High,True
Adani Energy Solutions Ltd,Table #5,Financial Health,Annual Trend (YoY Revenue),"Mar 2026 vs Mar 2025: +16.1% YoY [Audited Annual] (₹ 27,588 Cr. vs ₹ 23,767 Cr.)",Annual,Audited Annual,BSE/NSE Statutory Filings,Public Disclosures,N/A,2026-09-16 14:06:08,High,True
Adani Energy Solutions Ltd,Table #5,Financial Health,Annual Profit Margin,"Mar 2026: 8.7% vs Mar 2025: 3.9% (Expanding, +4.8% bps) [Audited Annual]",Annual,Audited Annual,BSE/NSE Statutory Filings,Public Disclosures,N/A,2026-09-16 14:06:08,High,True
Adani Energy Solutions Ltd,Table #5,Financial Health,Latest Interim Performance,"[FINANCIAL & M&A SIGNAL] [AESL Directly] [REPORTED] Adani Energy Solutions Q1 FY27 Profit More Than Doubles to Rs 1,149 Crore on Strong Transmission Growth (Year: 2026) [Unaudited Interim]",Quarterly,Unaudited Interim,Quarterly Disclosures,Public Disclosures,N/A,2026-09-16 14:06:08,High,True
